"","year","state","CVE_GEO","deaths"
"1",1970,"Aguascalientes",1,3488
"2",1970,"Baja California",2,7339
"3",1970,"Baja California Sur",3,1498
"4",1970,"Campeche",4,2815
"5",1970,"Chiapas",7,20315
"6",1970,"Chihuahua",8,15367
"7",1970,"Coahuila",5,11182
"8",1970,"Colima",6,2497
"9",1970,"Durango",10,10138
"10",1970,"Guanajuato",11,25197
"11",1970,"Guerrero",12,18810
"12",1970,"Hidalgo",13,14293
"13",1970,"Jalisco",14,34473
"14",1970,"Mexico City",9,60217
"15",1970,"Michoacan",16,27709
"16",1970,"Morelos",17,6737
"17",1970,"National",0,524901
"18",1970,"Nayarit",18,6074
"19",1970,"Nuevo Leon",19,16017
"20",1970,"Oaxaca",20,26823
"21",1970,"Puebla",21,30691
"22",1970,"Queretaro",22,5591
"23",1970,"Quintana Roo",23,924
"24",1970,"San Luis Potosi",24,15137
"25",1970,"Sinaloa",25,14129
"26",1970,"Sonora",26,10665
"27",1970,"State of Mexico",15,38560
"28",1970,"Tabasco",27,8582
"29",1970,"Tamaulipas",28,15317
"30",1970,"Tlaxcala",29,5376
"31",1970,"Veracruz",30,48150
"32",1970,"Yucatan",31,9688
"33",1970,"Zacatecas",32,11102
"34",1971,"Aguascalientes",1,3283
"35",1971,"Baja California",2,6971
"36",1971,"Baja California Sur",3,1384
"37",1971,"Campeche",4,2721
"38",1971,"Chiapas",7,18479
"39",1971,"Chihuahua",8,14462
"40",1971,"Coahuila",5,10456
"41",1971,"Colima",6,2416
"42",1971,"Durango",10,9441
"43",1971,"Guanajuato",11,23674
"44",1971,"Guerrero",12,17828
"45",1971,"Hidalgo",13,13669
"46",1971,"Jalisco",14,32306
"47",1971,"Mexico City",9,54694
"48",1971,"Michoacan",16,25880
"49",1971,"Morelos",17,6573
"50",1971,"National",0,492387
"51",1971,"Nayarit",18,5774
"52",1971,"Nuevo Leon",19,15021
"53",1971,"Oaxaca",20,25274
"54",1971,"Puebla",21,29162
"55",1971,"Queretaro",22,5306
"56",1971,"Quintana Roo",23,940
"57",1971,"San Luis Potosi",24,14633
"58",1971,"Sinaloa",25,13176
"59",1971,"Sonora",26,10010
"60",1971,"State of Mexico",15,36000
"61",1971,"Tabasco",27,7870
"62",1971,"Tamaulipas",28,14480
"63",1971,"Tlaxcala",29,4977
"64",1971,"Veracruz",30,45815
"65",1971,"Yucatan",31,9372
"66",1971,"Zacatecas",32,10340
"67",1972,"Aguascalientes",1,3306
"68",1972,"Baja California",2,7033
"69",1972,"Baja California Sur",3,1394
"70",1972,"Campeche",4,2812
"71",1972,"Chiapas",7,18271
"72",1972,"Chihuahua",8,14474
"73",1972,"Coahuila",5,10391
"74",1972,"Colima",6,2478
"75",1972,"Durango",10,9445
"76",1972,"Guanajuato",11,23870
"77",1972,"Guerrero",12,18238
"78",1972,"Hidalgo",13,13945
"79",1972,"Jalisco",14,32263
"80",1972,"Mexico City",9,52784
"81",1972,"Michoacan",16,25918
"82",1972,"Morelos",17,6778
"83",1972,"National",0,494337
"84",1972,"Nayarit",18,5859
"85",1972,"Nuevo Leon",19,14961
"86",1972,"Oaxaca",20,25778
"87",1972,"Puebla",21,29561
"88",1972,"Queretaro",22,5390
"89",1972,"Quintana Roo",23,1004
"90",1972,"San Luis Potosi",24,15118
"91",1972,"Sinaloa",25,13191
"92",1972,"Sonora",26,10018
"93",1972,"State of Mexico",15,36346
"94",1972,"Tabasco",27,7861
"95",1972,"Tamaulipas",28,14569
"96",1972,"Tlaxcala",29,4937
"97",1972,"Veracruz",30,46360
"98",1972,"Yucatan",31,9608
"99",1972,"Zacatecas",32,10376
"100",1973,"Aguascalientes",1,3330
"101",1973,"Baja California",2,7093
"102",1973,"Baja California Sur",3,1403
"103",1973,"Campeche",4,2897
"104",1973,"Chiapas",7,18041
"105",1973,"Chihuahua",8,14449
"106",1973,"Coahuila",5,10348
"107",1973,"Colima",6,2521
"108",1973,"Durango",10,9437
"109",1973,"Guanajuato",11,24000
"110",1973,"Guerrero",12,18572
"111",1973,"Hidalgo",13,14108
"112",1973,"Jalisco",14,32163
"113",1973,"Mexico City",9,51494
"114",1973,"Michoacan",16,25839
"115",1973,"Morelos",17,6945
"116",1973,"National",0,495686
"117",1973,"Nayarit",18,5904
"118",1973,"Nuevo Leon",19,14942
"119",1973,"Oaxaca",20,26085
"120",1973,"Puebla",21,29767
"121",1973,"Queretaro",22,5454
"122",1973,"Quintana Roo",23,1076
"123",1973,"San Luis Potosi",24,15532
"124",1973,"Sinaloa",25,13219
"125",1973,"Sonora",26,10021
"126",1973,"State of Mexico",15,36928
"127",1973,"Tabasco",27,7865
"128",1973,"Tamaulipas",28,14653
"129",1973,"Tlaxcala",29,4889
"130",1973,"Veracruz",30,46559
"131",1973,"Yucatan",31,9795
"132",1973,"Zacatecas",32,10357
"133",1974,"Aguascalientes",1,3281
"134",1974,"Baja California",2,6988
"135",1974,"Baja California Sur",3,1387
"136",1974,"Campeche",4,2879
"137",1974,"Chiapas",7,17171
"138",1974,"Chihuahua",8,14080
"139",1974,"Coahuila",5,10087
"140",1974,"Colima",6,2500
"141",1974,"Durango",10,9173
"142",1974,"Guanajuato",11,23461
"143",1974,"Guerrero",12,18318
"144",1974,"Hidalgo",13,13839
"145",1974,"Jalisco",14,31342
"146",1974,"Mexico City",9,49883
"147",1974,"Michoacan",16,25082
"148",1974,"Morelos",17,6983
"149",1974,"National",0,484999
"150",1974,"Nayarit",18,5778
"151",1974,"Nuevo Leon",19,14704
"152",1974,"Oaxaca",20,25463
"153",1974,"Puebla",21,29134
"154",1974,"Queretaro",22,5344
"155",1974,"Quintana Roo",23,1103
"156",1974,"San Luis Potosi",24,15349
"157",1974,"Sinaloa",25,12952
"158",1974,"Sonora",26,9826
"159",1974,"State of Mexico",15,36747
"160",1974,"Tabasco",27,7635
"161",1974,"Tamaulipas",28,14385
"162",1974,"Tlaxcala",29,4760
"163",1974,"Veracruz",30,45630
"164",1974,"Yucatan",31,9715
"165",1974,"Zacatecas",32,10020
"166",1975,"Aguascalientes",1,3270
"167",1975,"Baja California",2,6977
"168",1975,"Baja California Sur",3,1401
"169",1975,"Campeche",4,2904
"170",1975,"Chiapas",7,16645
"171",1975,"Chihuahua",8,13899
"172",1975,"Coahuila",5,10019
"173",1975,"Colima",6,2490
"174",1975,"Durango",10,9034
"175",1975,"Guanajuato",11,23251
"176",1975,"Guerrero",12,18357
"177",1975,"Hidalgo",13,13819
"178",1975,"Jalisco",14,31022
"179",1975,"Mexico City",9,49416
"180",1975,"Michoacan",16,24876
"181",1975,"Morelos",17,7031
"182",1975,"National",0,482874
"183",1975,"Nayarit",18,5721
"184",1975,"Nuevo Leon",19,14696
"185",1975,"Oaxaca",20,25313
"186",1975,"Puebla",21,29094
"187",1975,"Queretaro",22,5312
"188",1975,"Quintana Roo",23,1136
"189",1975,"San Luis Potosi",24,15234
"190",1975,"Sinaloa",25,12915
"191",1975,"Sonora",26,9774
"192",1975,"State of Mexico",15,37396
"193",1975,"Tabasco",27,7552
"194",1975,"Tamaulipas",28,14301
"195",1975,"Tlaxcala",29,4695
"196",1975,"Veracruz",30,45750
"197",1975,"Yucatan",31,9744
"198",1975,"Zacatecas",32,9830
"199",1976,"Aguascalientes",1,3294
"200",1976,"Baja California",2,7025
"201",1976,"Baja California Sur",3,1409
"202",1976,"Campeche",4,2929
"203",1976,"Chiapas",7,16324
"204",1976,"Chihuahua",8,13808
"205",1976,"Coahuila",5,10026
"206",1976,"Colima",6,2476
"207",1976,"Durango",10,8975
"208",1976,"Guanajuato",11,23213
"209",1976,"Guerrero",12,18589
"210",1976,"Hidalgo",13,13821
"211",1976,"Jalisco",14,30946
"212",1976,"Mexico City",9,49531
"213",1976,"Michoacan",16,24737
"214",1976,"Morelos",17,7093
"215",1976,"National",0,483874
"216",1976,"Nayarit",18,5698
"217",1976,"Nuevo Leon",19,14825
"218",1976,"Oaxaca",20,25170
"219",1976,"Puebla",21,29162
"220",1976,"Queretaro",22,5308
"221",1976,"Quintana Roo",23,1178
"222",1976,"San Luis Potosi",24,15112
"223",1976,"Sinaloa",25,13016
"224",1976,"Sonora",26,9805
"225",1976,"State of Mexico",15,38554
"226",1976,"Tabasco",27,7557
"227",1976,"Tamaulipas",28,14302
"228",1976,"Tlaxcala",29,4670
"229",1976,"Veracruz",30,45786
"230",1976,"Yucatan",31,9821
"231",1976,"Zacatecas",32,9714
"232",1977,"Aguascalientes",1,3277
"233",1977,"Baja California",2,7013
"234",1977,"Baja California Sur",3,1405
"235",1977,"Campeche",4,2931
"236",1977,"Chiapas",7,15816
"237",1977,"Chihuahua",8,13598
"238",1977,"Coahuila",5,9941
"239",1977,"Colima",6,2444
"240",1977,"Durango",10,8800
"241",1977,"Guanajuato",11,22900
"242",1977,"Guerrero",12,18485
"243",1977,"Hidalgo",13,13589
"244",1977,"Jalisco",14,30558
"245",1977,"Mexico City",9,49519
"246",1977,"Michoacan",16,24220
"247",1977,"Morelos",17,7032
"248",1977,"National",0,479017
"249",1977,"Nayarit",18,5592
"250",1977,"Nuevo Leon",19,14840
"251",1977,"Oaxaca",20,24540
"252",1977,"Puebla",21,28722
"253",1977,"Queretaro",22,5244
"254",1977,"Quintana Roo",23,1205
"255",1977,"San Luis Potosi",24,14719
"256",1977,"Sinaloa",25,12971
"257",1977,"Sonora",26,9738
"258",1977,"State of Mexico",15,39435
"259",1977,"Tabasco",27,7485
"260",1977,"Tamaulipas",28,14139
"261",1977,"Tlaxcala",29,4602
"262",1977,"Veracruz",30,45019
"263",1977,"Yucatan",31,9764
"264",1977,"Zacatecas",32,9474
"265",1978,"Aguascalientes",1,3229
"266",1978,"Baja California",2,6941
"267",1978,"Baja California Sur",3,1386
"268",1978,"Campeche",4,2882
"269",1978,"Chiapas",7,15219
"270",1978,"Chihuahua",8,13286
"271",1978,"Coahuila",5,9807
"272",1978,"Colima",6,2380
"273",1978,"Durango",10,8553
"274",1978,"Guanajuato",11,22400
"275",1978,"Guerrero",12,18131
"276",1978,"Hidalgo",13,13207
"277",1978,"Jalisco",14,29942
"278",1978,"Mexico City",9,49365
"279",1978,"Michoacan",16,23443
"280",1978,"Morelos",17,6895
"281",1978,"National",0,470092
"282",1978,"Nayarit",18,5447
"283",1978,"Nuevo Leon",19,14753
"284",1978,"Oaxaca",20,23623
"285",1978,"Puebla",21,27972
"286",1978,"Queretaro",22,5134
"287",1978,"Quintana Roo",23,1216
"288",1978,"San Luis Potosi",24,14194
"289",1978,"Sinaloa",25,12827
"290",1978,"Sonora",26,9607
"291",1978,"State of Mexico",15,40054
"292",1978,"Tabasco",27,7341
"293",1978,"Tamaulipas",28,13872
"294",1978,"Tlaxcala",29,4512
"295",1978,"Veracruz",30,43723
"296",1978,"Yucatan",31,9619
"297",1978,"Zacatecas",32,9132
"298",1979,"Aguascalientes",1,3241
"299",1979,"Baja California",2,6969
"300",1979,"Baja California Sur",3,1380
"301",1979,"Campeche",4,2888
"302",1979,"Chiapas",7,15022
"303",1979,"Chihuahua",8,13163
"304",1979,"Coahuila",5,9800
"305",1979,"Colima",6,2341
"306",1979,"Durango",10,8446
"307",1979,"Guanajuato",11,22215
"308",1979,"Guerrero",12,18032
"309",1979,"Hidalgo",13,13025
"310",1979,"Jalisco",14,29769
"311",1979,"Mexico City",9,49793
"312",1979,"Michoacan",16,23013
"313",1979,"Morelos",17,6834
"314",1979,"National",0,468053
"315",1979,"Nayarit",18,5389
"316",1979,"Nuevo Leon",19,14826
"317",1979,"Oaxaca",20,23080
"318",1979,"Puebla",21,27631
"319",1979,"Queretaro",22,5126
"320",1979,"Quintana Roo",23,1242
"321",1979,"San Luis Potosi",24,13855
"322",1979,"Sinaloa",25,12874
"323",1979,"Sonora",26,9584
"324",1979,"State of Mexico",15,41314
"325",1979,"Tabasco",27,7326
"326",1979,"Tamaulipas",28,13791
"327",1979,"Tlaxcala",29,4472
"328",1979,"Veracruz",30,43050
"329",1979,"Yucatan",31,9602
"330",1979,"Zacatecas",32,8960
"331",1980,"Aguascalientes",1,3292
"332",1980,"Baja California",2,7044
"333",1980,"Baja California Sur",3,1393
"334",1980,"Campeche",4,2927
"335",1980,"Chiapas",7,15137
"336",1980,"Chihuahua",8,13129
"337",1980,"Coahuila",5,9879
"338",1980,"Colima",6,2325
"339",1980,"Durango",10,8403
"340",1980,"Guanajuato",11,22243
"341",1980,"Guerrero",12,18043
"342",1980,"Hidalgo",13,12933
"343",1980,"Jalisco",14,29781
"344",1980,"Mexico City",9,50287
"345",1980,"Michoacan",16,22793
"346",1980,"Morelos",17,6810
"347",1980,"National",0,469223
"348",1980,"Nayarit",18,5355
"349",1980,"Nuevo Leon",19,14988
"350",1980,"Oaxaca",20,22782
"351",1980,"Puebla",21,27509
"352",1980,"Queretaro",22,5150
"353",1980,"Quintana Roo",23,1302
"354",1980,"San Luis Potosi",24,13660
"355",1980,"Sinaloa",25,12960
"356",1980,"Sonora",26,9642
"357",1980,"State of Mexico",15,42656
"358",1980,"Tabasco",27,7401
"359",1980,"Tamaulipas",28,13778
"360",1980,"Tlaxcala",29,4484
"361",1980,"Veracruz",30,42637
"362",1980,"Yucatan",31,9613
"363",1980,"Zacatecas",32,8887
"364",1981,"Aguascalientes",1,3256
"365",1981,"Baja California",2,7016
"366",1981,"Baja California Sur",3,1385
"367",1981,"Campeche",4,2876
"368",1981,"Chiapas",7,15017
"369",1981,"Chihuahua",8,12882
"370",1981,"Coahuila",5,9797
"371",1981,"Colima",6,2271
"372",1981,"Durango",10,8184
"373",1981,"Guanajuato",11,21879
"374",1981,"Guerrero",12,17570
"375",1981,"Hidalgo",13,12583
"376",1981,"Jalisco",14,29254
"377",1981,"Mexico City",9,49462
"378",1981,"Michoacan",16,22215
"379",1981,"Morelos",17,6633
"380",1981,"National",0,460206
"381",1981,"Nayarit",18,5214
"382",1981,"Nuevo Leon",19,14855
"383",1981,"Oaxaca",20,22132
"384",1981,"Puebla",21,26837
"385",1981,"Queretaro",22,5091
"386",1981,"Quintana Roo",23,1337
"387",1981,"San Luis Potosi",24,13210
"388",1981,"Sinaloa",25,12720
"389",1981,"Sonora",26,9478
"390",1981,"State of Mexico",15,42581
"391",1981,"Tabasco",27,7314
"392",1981,"Tamaulipas",28,13491
"393",1981,"Tlaxcala",29,4432
"394",1981,"Veracruz",30,41205
"395",1981,"Yucatan",31,9406
"396",1981,"Zacatecas",32,8623
"397",1982,"Aguascalientes",1,3234
"398",1982,"Baja California",2,6984
"399",1982,"Baja California Sur",3,1374
"400",1982,"Campeche",4,2831
"401",1982,"Chiapas",7,14998
"402",1982,"Chihuahua",8,12648
"403",1982,"Coahuila",5,9702
"404",1982,"Colima",6,2222
"405",1982,"Durango",10,7977
"406",1982,"Guanajuato",11,21545
"407",1982,"Guerrero",12,17020
"408",1982,"Hidalgo",13,12249
"409",1982,"Jalisco",14,28674
"410",1982,"Mexico City",9,48342
"411",1982,"Michoacan",16,21653
"412",1982,"Morelos",17,6495
"413",1982,"National",0,450682
"414",1982,"Nayarit",18,5087
"415",1982,"Nuevo Leon",19,14697
"416",1982,"Oaxaca",20,21582
"417",1982,"Puebla",21,26167
"418",1982,"Queretaro",22,5024
"419",1982,"Quintana Roo",23,1380
"420",1982,"San Luis Potosi",24,12832
"421",1982,"Sinaloa",25,12397
"422",1982,"Sonora",26,9299
"423",1982,"State of Mexico",15,42079
"424",1982,"Tabasco",27,7202
"425",1982,"Tamaulipas",28,13200
"426",1982,"Tlaxcala",29,4368
"427",1982,"Veracruz",30,39871
"428",1982,"Yucatan",31,9176
"429",1982,"Zacatecas",32,8373
"430",1983,"Aguascalientes",1,3234
"431",1983,"Baja California",2,7023
"432",1983,"Baja California Sur",3,1373
"433",1983,"Campeche",4,2813
"434",1983,"Chiapas",7,15185
"435",1983,"Chihuahua",8,12561
"436",1983,"Coahuila",5,9700
"437",1983,"Colima",6,2204
"438",1983,"Durango",10,7849
"439",1983,"Guanajuato",11,21415
"440",1983,"Guerrero",12,16660
"441",1983,"Hidalgo",13,12073
"442",1983,"Jalisco",14,28420
"443",1983,"Mexico City",9,47482
"444",1983,"Michoacan",16,21380
"445",1983,"Morelos",17,6454
"446",1983,"National",0,445888
"447",1983,"Nayarit",18,5010
"448",1983,"Nuevo Leon",19,14614
"449",1983,"Oaxaca",20,21335
"450",1983,"Puebla",21,25831
"451",1983,"Queretaro",22,5012
"452",1983,"Quintana Roo",23,1421
"453",1983,"San Luis Potosi",24,12672
"454",1983,"Sinaloa",25,12147
"455",1983,"Sonora",26,9193
"456",1983,"State of Mexico",15,41761
"457",1983,"Tabasco",27,7141
"458",1983,"Tamaulipas",28,13054
"459",1983,"Tlaxcala",29,4346
"460",1983,"Veracruz",30,39262
"461",1983,"Yucatan",31,9050
"462",1983,"Zacatecas",32,8213
"463",1984,"Aguascalientes",1,3236
"464",1984,"Baja California",2,7092
"465",1984,"Baja California Sur",3,1370
"466",1984,"Campeche",4,2796
"467",1984,"Chiapas",7,15331
"468",1984,"Chihuahua",8,12490
"469",1984,"Coahuila",5,9702
"470",1984,"Colima",6,2179
"471",1984,"Durango",10,7741
"472",1984,"Guanajuato",11,21260
"473",1984,"Guerrero",12,16243
"474",1984,"Hidalgo",13,11868
"475",1984,"Jalisco",14,28158
"476",1984,"Mexico City",9,46495
"477",1984,"Michoacan",16,21067
"478",1984,"Morelos",17,6420
"479",1984,"National",0,440711
"480",1984,"Nayarit",18,4942
"481",1984,"Nuevo Leon",19,14528
"482",1984,"Oaxaca",20,21073
"483",1984,"Puebla",21,25460
"484",1984,"Queretaro",22,5000
"485",1984,"Quintana Roo",23,1474
"486",1984,"San Luis Potosi",24,12558
"487",1984,"Sinaloa",25,11867
"488",1984,"Sonora",26,9096
"489",1984,"State of Mexico",15,41228
"490",1984,"Tabasco",27,7029
"491",1984,"Tamaulipas",28,12931
"492",1984,"Tlaxcala",29,4316
"493",1984,"Veracruz",30,38796
"494",1984,"Yucatan",31,8915
"495",1984,"Zacatecas",32,8050
"496",1985,"Aguascalientes",1,3313
"497",1985,"Baja California",2,7313
"498",1985,"Baja California Sur",3,1395
"499",1985,"Campeche",4,2835
"500",1985,"Chiapas",7,15838
"501",1985,"Chihuahua",8,12686
"502",1985,"Coahuila",5,9891
"503",1985,"Colima",6,2221
"504",1985,"Durango",10,7784
"505",1985,"Guanajuato",11,21560
"506",1985,"Guerrero",12,16183
"507",1985,"Hidalgo",13,11918
"508",1985,"Jalisco",14,28519
"509",1985,"Mexico City",9,46418
"510",1985,"Michoacan",16,21240
"511",1985,"Morelos",17,6547
"512",1985,"National",0,445001
"513",1985,"Nayarit",18,5001
"514",1985,"Nuevo Leon",19,14739
"515",1985,"Oaxaca",20,21271
"516",1985,"Puebla",21,25620
"517",1985,"Queretaro",22,5102
"518",1985,"Quintana Roo",23,1565
"519",1985,"San Luis Potosi",24,12738
"520",1985,"Sinaloa",25,11841
"521",1985,"Sonora",26,9188
"522",1985,"State of Mexico",15,41541
"523",1985,"Tabasco",27,7060
"524",1985,"Tamaulipas",28,13051
"525",1985,"Tlaxcala",29,4364
"526",1985,"Veracruz",30,39229
"527",1985,"Yucatan",31,8977
"528",1985,"Zacatecas",32,8053
"529",1986,"Aguascalientes",1,3288
"530",1986,"Baja California",2,7316
"531",1986,"Baja California Sur",3,1384
"532",1986,"Campeche",4,2785
"533",1986,"Chiapas",7,15704
"534",1986,"Chihuahua",8,12522
"535",1986,"Coahuila",5,9784
"536",1986,"Colima",6,2195
"537",1986,"Durango",10,7581
"538",1986,"Guanajuato",11,21167
"539",1986,"Guerrero",12,15590
"540",1986,"Hidalgo",13,11573
"541",1986,"Jalisco",14,28058
"542",1986,"Mexico City",9,45168
"543",1986,"Michoacan",16,20757
"544",1986,"Morelos",17,6483
"545",1986,"National",0,435585
"546",1986,"Nayarit",18,4885
"547",1986,"Nuevo Leon",19,14572
"548",1986,"Oaxaca",20,20721
"549",1986,"Puebla",21,24933
"550",1986,"Queretaro",22,5032
"551",1986,"Quintana Roo",23,1587
"552",1986,"San Luis Potosi",24,12497
"553",1986,"Sinaloa",25,11470
"554",1986,"Sonora",26,9024
"555",1986,"State of Mexico",15,40616
"556",1986,"Tabasco",27,6861
"557",1986,"Tamaulipas",28,12802
"558",1986,"Tlaxcala",29,4271
"559",1986,"Veracruz",30,38360
"560",1986,"Yucatan",31,8773
"561",1986,"Zacatecas",32,7826
"562",1987,"Aguascalientes",1,3347
"563",1987,"Baja California",2,7470
"564",1987,"Baja California Sur",3,1409
"565",1987,"Campeche",4,2804
"566",1987,"Chiapas",7,15924
"567",1987,"Chihuahua",8,12603
"568",1987,"Coahuila",5,9883
"569",1987,"Colima",6,2215
"570",1987,"Durango",10,7539
"571",1987,"Guanajuato",11,21280
"572",1987,"Guerrero",12,15400
"573",1987,"Hidalgo",13,11489
"574",1987,"Jalisco",14,28245
"575",1987,"Mexico City",9,44967
"576",1987,"Michoacan",16,20765
"577",1987,"Morelos",17,6543
"578",1987,"National",0,436227
"579",1987,"Nayarit",18,4891
"580",1987,"Nuevo Leon",19,14749
"581",1987,"Oaxaca",20,20626
"582",1987,"Puebla",21,24824
"583",1987,"Queretaro",22,5087
"584",1987,"Quintana Roo",23,1653
"585",1987,"San Luis Potosi",24,12525
"586",1987,"Sinaloa",25,11390
"587",1987,"Sonora",26,9080
"588",1987,"State of Mexico",15,40767
"589",1987,"Tabasco",27,6849
"590",1987,"Tamaulipas",28,12806
"591",1987,"Tlaxcala",29,4285
"592",1987,"Veracruz",30,38246
"593",1987,"Yucatan",31,8779
"594",1987,"Zacatecas",32,7787
"595",1988,"Aguascalientes",1,3449
"596",1988,"Baja California",2,7725
"597",1988,"Baja California Sur",3,1467
"598",1988,"Campeche",4,2864
"599",1988,"Chiapas",7,16437
"600",1988,"Chihuahua",8,12862
"601",1988,"Coahuila",5,10128
"602",1988,"Colima",6,2290
"603",1988,"Durango",10,7615
"604",1988,"Guanajuato",11,21735
"605",1988,"Guerrero",12,15483
"606",1988,"Hidalgo",13,11556
"607",1988,"Jalisco",14,28878
"608",1988,"Mexico City",9,45466
"609",1988,"Michoacan",16,21047
"610",1988,"Morelos",17,6708
"611",1988,"National",0,443546
"612",1988,"Nayarit",18,4963
"613",1988,"Nuevo Leon",19,15216
"614",1988,"Oaxaca",20,20795
"615",1988,"Puebla",21,25036
"616",1988,"Queretaro",22,5226
"617",1988,"Quintana Roo",23,1740
"618",1988,"San Luis Potosi",24,12683
"619",1988,"Sinaloa",25,11560
"620",1988,"Sonora",26,9288
"621",1988,"State of Mexico",15,41797
"622",1988,"Tabasco",27,6992
"623",1988,"Tamaulipas",28,12975
"624",1988,"Tlaxcala",29,4375
"625",1988,"Veracruz",30,38403
"626",1988,"Yucatan",31,8910
"627",1988,"Zacatecas",32,7877
"628",1989,"Aguascalientes",1,3551
"629",1989,"Baja California",2,7951
"630",1989,"Baja California Sur",3,1515
"631",1989,"Campeche",4,2896
"632",1989,"Chiapas",7,16596
"633",1989,"Chihuahua",8,13081
"634",1989,"Coahuila",5,10332
"635",1989,"Colima",6,2335
"636",1989,"Durango",10,7654
"637",1989,"Guanajuato",11,22139
"638",1989,"Guerrero",12,15514
"639",1989,"Hidalgo",13,11544
"640",1989,"Jalisco",14,29482
"641",1989,"Mexico City",9,46150
"642",1989,"Michoacan",16,21293
"643",1989,"Morelos",17,6823
"644",1989,"National",0,449245
"645",1989,"Nayarit",18,5018
"646",1989,"Nuevo Leon",19,15710
"647",1989,"Oaxaca",20,20756
"648",1989,"Puebla",21,25086
"649",1989,"Queretaro",22,5320
"650",1989,"Quintana Roo",23,1824
"651",1989,"San Luis Potosi",24,12709
"652",1989,"Sinaloa",25,11720
"653",1989,"Sonora",26,9508
"654",1989,"State of Mexico",15,42763
"655",1989,"Tabasco",27,7113
"656",1989,"Tamaulipas",28,13103
"657",1989,"Tlaxcala",29,4439
"658",1989,"Veracruz",30,38309
"659",1989,"Yucatan",31,9053
"660",1989,"Zacatecas",32,7958
"661",1990,"Aguascalientes",1,3563
"662",1990,"Baja California",2,8050
"663",1990,"Baja California Sur",3,1531
"664",1990,"Campeche",4,2891
"665",1990,"Chiapas",7,16468
"666",1990,"Chihuahua",8,13043
"667",1990,"Coahuila",5,10295
"668",1990,"Colima",6,2345
"669",1990,"Durango",10,7522
"670",1990,"Guanajuato",11,21977
"671",1990,"Guerrero",12,15291
"672",1990,"Hidalgo",13,11334
"673",1990,"Jalisco",14,29524
"674",1990,"Mexico City",9,46054
"675",1990,"Michoacan",16,21054
"676",1990,"Morelos",17,6831
"677",1990,"National",0,446498
"678",1990,"Nayarit",18,4962
"679",1990,"Nuevo Leon",19,15903
"680",1990,"Oaxaca",20,20261
"681",1990,"Puebla",21,24673
"682",1990,"Queretaro",22,5324
"683",1990,"Quintana Roo",23,1887
"684",1990,"San Luis Potosi",24,12474
"685",1990,"Sinaloa",25,11701
"686",1990,"Sonora",26,9554
"687",1990,"State of Mexico",15,43214
"688",1990,"Tabasco",27,7109
"689",1990,"Tamaulipas",28,12971
"690",1990,"Tlaxcala",29,4418
"691",1990,"Veracruz",30,37428
"692",1990,"Yucatan",31,8986
"693",1990,"Zacatecas",32,7860
"694",1991,"Aguascalientes",1,3534
"695",1991,"Baja California",2,8076
"696",1991,"Baja California Sur",3,1528
"697",1991,"Campeche",4,2854
"698",1991,"Chiapas",7,16081
"699",1991,"Chihuahua",8,12842
"700",1991,"Coahuila",5,10085
"701",1991,"Colima",6,2314
"702",1991,"Durango",10,7306
"703",1991,"Guanajuato",11,21393
"704",1991,"Guerrero",12,14926
"705",1991,"Hidalgo",13,10998
"706",1991,"Jalisco",14,29137
"707",1991,"Mexico City",9,45345
"708",1991,"Michoacan",16,20497
"709",1991,"Morelos",17,6757
"710",1991,"National",0,437758
"711",1991,"Nayarit",18,4839
"712",1991,"Nuevo Leon",19,15845
"713",1991,"Oaxaca",20,19472
"714",1991,"Puebla",21,23897
"715",1991,"Queretaro",22,5245
"716",1991,"Quintana Roo",23,1945
"717",1991,"San Luis Potosi",24,12079
"718",1991,"Sinaloa",25,11523
"719",1991,"Sonora",26,9489
"720",1991,"State of Mexico",15,43219
"721",1991,"Tabasco",27,7016
"722",1991,"Tamaulipas",28,12657
"723",1991,"Tlaxcala",29,4322
"724",1991,"Veracruz",30,36089
"725",1991,"Yucatan",31,8809
"726",1991,"Zacatecas",32,7639
"727",1992,"Aguascalientes",1,3575
"728",1992,"Baja California",2,8307
"729",1992,"Baja California Sur",3,1567
"730",1992,"Campeche",4,2903
"731",1992,"Chiapas",7,15978
"732",1992,"Chihuahua",8,12970
"733",1992,"Coahuila",5,10145
"734",1992,"Colima",6,2351
"735",1992,"Durango",10,7284
"736",1992,"Guanajuato",11,21357
"737",1992,"Guerrero",12,14924
"738",1992,"Hidalgo",13,10948
"739",1992,"Jalisco",14,29507
"740",1992,"Mexico City",9,45724
"741",1992,"Michoacan",16,20484
"742",1992,"Morelos",17,6873
"743",1992,"National",0,440340
"744",1992,"Nayarit",18,4843
"745",1992,"Nuevo Leon",19,16171
"746",1992,"Oaxaca",20,19181
"747",1992,"Puebla",21,23839
"748",1992,"Queretaro",22,5287
"749",1992,"Quintana Roo",23,2022
"750",1992,"San Luis Potosi",24,12000
"751",1992,"Sinaloa",25,11648
"752",1992,"Sonora",26,9659
"753",1992,"State of Mexico",15,44241
"754",1992,"Tabasco",27,7117
"755",1992,"Tamaulipas",28,12696
"756",1992,"Tlaxcala",29,4353
"757",1992,"Veracruz",30,35913
"758",1992,"Yucatan",31,8871
"759",1992,"Zacatecas",32,7602
"760",1993,"Aguascalientes",1,3662
"761",1993,"Baja California",2,8603
"762",1993,"Baja California Sur",3,1612
"763",1993,"Campeche",4,2995
"764",1993,"Chiapas",7,16020
"765",1993,"Chihuahua",8,13214
"766",1993,"Coahuila",5,10301
"767",1993,"Colima",6,2402
"768",1993,"Durango",10,7348
"769",1993,"Guanajuato",11,21561
"770",1993,"Guerrero",12,15128
"771",1993,"Hidalgo",13,11033
"772",1993,"Jalisco",14,30151
"773",1993,"Mexico City",9,46336
"774",1993,"Michoacan",16,20743
"775",1993,"Morelos",17,7051
"776",1993,"National",0,447494
"777",1993,"Nayarit",18,4914
"778",1993,"Nuevo Leon",19,16618
"779",1993,"Oaxaca",20,19129
"780",1993,"Puebla",21,24117
"781",1993,"Queretaro",22,5363
"782",1993,"Quintana Roo",23,2136
"783",1993,"San Luis Potosi",24,12073
"784",1993,"Sinaloa",25,11890
"785",1993,"Sonora",26,9920
"786",1993,"State of Mexico",15,45586
"787",1993,"Tabasco",27,7291
"788",1993,"Tamaulipas",28,12898
"789",1993,"Tlaxcala",29,4426
"790",1993,"Veracruz",30,36293
"791",1993,"Yucatan",31,9024
"792",1993,"Zacatecas",32,7656
"793",1994,"Aguascalientes",1,3724
"794",1994,"Baja California",2,8864
"795",1994,"Baja California Sur",3,1651
"796",1994,"Campeche",4,3074
"797",1994,"Chiapas",7,16017
"798",1994,"Chihuahua",8,13375
"799",1994,"Coahuila",5,10403
"800",1994,"Colima",6,2449
"801",1994,"Durango",10,7387
"802",1994,"Guanajuato",11,21642
"803",1994,"Guerrero",12,15260
"804",1994,"Hidalgo",13,11089
"805",1994,"Jalisco",14,30532
"806",1994,"Mexico City",9,46415
"807",1994,"Michoacan",16,20880
"808",1994,"Morelos",17,7184
"809",1994,"National",0,451820
"810",1994,"Nayarit",18,4943
"811",1994,"Nuevo Leon",19,16907
"812",1994,"Oaxaca",20,19014
"813",1994,"Puebla",21,24275
"814",1994,"Queretaro",22,5413
"815",1994,"Quintana Roo",23,2224
"816",1994,"San Luis Potosi",24,12107
"817",1994,"Sinaloa",25,12057
"818",1994,"Sonora",26,10097
"819",1994,"State of Mexico",15,46573
"820",1994,"Tabasco",27,7416
"821",1994,"Tamaulipas",28,13025
"822",1994,"Tlaxcala",29,4481
"823",1994,"Veracruz",30,36566
"824",1994,"Yucatan",31,9123
"825",1994,"Zacatecas",32,7653
"826",1995,"Aguascalientes",1,3828
"827",1995,"Baja California",2,9249
"828",1995,"Baja California Sur",3,1703
"829",1995,"Campeche",4,3184
"830",1995,"Chiapas",7,16306
"831",1995,"Chihuahua",8,13739
"832",1995,"Coahuila",5,10674
"833",1995,"Colima",6,2526
"834",1995,"Durango",10,7528
"835",1995,"Guanajuato",11,22058
"836",1995,"Guerrero",12,15647
"837",1995,"Hidalgo",13,11343
"838",1995,"Jalisco",14,31395
"839",1995,"Mexico City",9,47012
"840",1995,"Michoacan",16,21366
"841",1995,"Morelos",17,7453
"842",1995,"National",0,463308
"843",1995,"Nayarit",18,5070
"844",1995,"Nuevo Leon",19,17418
"845",1995,"Oaxaca",20,19281
"846",1995,"Puebla",21,24881
"847",1995,"Queretaro",22,5559
"848",1995,"Quintana Roo",23,2357
"849",1995,"San Luis Potosi",24,12363
"850",1995,"Sinaloa",25,12382
"851",1995,"Sonora",26,10410
"852",1995,"State of Mexico",15,48241
"853",1995,"Tabasco",27,7665
"854",1995,"Tamaulipas",28,13356
"855",1995,"Tlaxcala",29,4595
"856",1995,"Veracruz",30,37565
"857",1995,"Yucatan",31,9377
"858",1995,"Zacatecas",32,7777
"859",1996,"Aguascalientes",1,3824
"860",1996,"Baja California",2,9334
"861",1996,"Baja California Sur",3,1711
"862",1996,"Campeche",4,3213
"863",1996,"Chiapas",7,16255
"864",1996,"Chihuahua",8,13664
"865",1996,"Coahuila",5,10593
"866",1996,"Colima",6,2531
"867",1996,"Durango",10,7425
"868",1996,"Guanajuato",11,21868
"869",1996,"Guerrero",12,15636
"870",1996,"Hidalgo",13,11313
"871",1996,"Jalisco",14,31226
"872",1996,"Mexico City",9,46266
"873",1996,"Michoacan",16,21217
"874",1996,"Morelos",17,7502
"875",1996,"National",0,461754
"876",1996,"Nayarit",18,5033
"877",1996,"Nuevo Leon",19,17366
"878",1996,"Oaxaca",20,19143
"879",1996,"Puebla",21,24876
"880",1996,"Queretaro",22,5571
"881",1996,"Quintana Roo",23,2431
"882",1996,"San Luis Potosi",24,12282
"883",1996,"Sinaloa",25,12327
"884",1996,"Sonora",26,10367
"885",1996,"State of Mexico",15,48676
"886",1996,"Tabasco",27,7687
"887",1996,"Tamaulipas",28,13307
"888",1996,"Tlaxcala",29,4586
"889",1996,"Veracruz",30,37533
"890",1996,"Yucatan",31,9337
"891",1996,"Zacatecas",32,7654
"892",1997,"Aguascalientes",1,3815
"893",1997,"Baja California",2,9381
"894",1997,"Baja California Sur",3,1724
"895",1997,"Campeche",4,3211
"896",1997,"Chiapas",7,16333
"897",1997,"Chihuahua",8,13540
"898",1997,"Coahuila",5,10447
"899",1997,"Colima",6,2531
"900",1997,"Durango",10,7289
"901",1997,"Guanajuato",11,21687
"902",1997,"Guerrero",12,15666
"903",1997,"Hidalgo",13,11267
"904",1997,"Jalisco",14,30902
"905",1997,"Mexico City",9,45433
"906",1997,"Michoacan",16,21016
"907",1997,"Morelos",17,7547
"908",1997,"National",0,459882
"909",1997,"Nayarit",18,4995
"910",1997,"Nuevo Leon",19,17242
"911",1997,"Oaxaca",20,19157
"912",1997,"Puebla",21,24947
"913",1997,"Queretaro",22,5607
"914",1997,"Quintana Roo",23,2515
"915",1997,"San Luis Potosi",24,12192
"916",1997,"Sinaloa",25,12216
"917",1997,"Sonora",26,10268
"918",1997,"State of Mexico",15,49227
"919",1997,"Tabasco",27,7727
"920",1997,"Tamaulipas",28,13227
"921",1997,"Tlaxcala",29,4558
"922",1997,"Veracruz",30,37424
"923",1997,"Yucatan",31,9269
"924",1997,"Zacatecas",32,7522
"925",1998,"Aguascalientes",1,3816
"926",1998,"Baja California",2,9437
"927",1998,"Baja California Sur",3,1730
"928",1998,"Campeche",4,3223
"929",1998,"Chiapas",7,16552
"930",1998,"Chihuahua",8,13465
"931",1998,"Coahuila",5,10322
"932",1998,"Colima",6,2539
"933",1998,"Durango",10,7174
"934",1998,"Guanajuato",11,21605
"935",1998,"Guerrero",12,15788
"936",1998,"Hidalgo",13,11273
"937",1998,"Jalisco",14,30724
"938",1998,"Mexico City",9,44827
"939",1998,"Michoacan",16,20917
"940",1998,"Morelos",17,7617
"941",1998,"National",0,460080
"942",1998,"Nayarit",18,4956
"943",1998,"Nuevo Leon",19,17178
"944",1998,"Oaxaca",20,19278
"945",1998,"Puebla",21,25113
"946",1998,"Queretaro",22,5683
"947",1998,"Quintana Roo",23,2598
"948",1998,"San Luis Potosi",24,12165
"949",1998,"Sinaloa",25,12148
"950",1998,"Sonora",26,10212
"951",1998,"State of Mexico",15,50021
"952",1998,"Tabasco",27,7779
"953",1998,"Tamaulipas",28,13191
"954",1998,"Tlaxcala",29,4563
"955",1998,"Veracruz",30,37497
"956",1998,"Yucatan",31,9256
"957",1998,"Zacatecas",32,7433
"958",1999,"Aguascalientes",1,3787
"959",1999,"Baja California",2,9360
"960",1999,"Baja California Sur",3,1725
"961",1999,"Campeche",4,3199
"962",1999,"Chiapas",7,16607
"963",1999,"Chihuahua",8,13231
"964",1999,"Coahuila",5,10068
"965",1999,"Colima",6,2526
"966",1999,"Durango",10,6973
"967",1999,"Guanajuato",11,21318
"968",1999,"Guerrero",12,15711
"969",1999,"Hidalgo",13,11158
"970",1999,"Jalisco",14,30208
"971",1999,"Mexico City",9,43832
"972",1999,"Michoacan",16,20606
"973",1999,"Morelos",17,7597
"974",1999,"National",0,455410
"975",1999,"Nayarit",18,4869
"976",1999,"Nuevo Leon",19,16946
"977",1999,"Oaxaca",20,19191
"978",1999,"Puebla",21,24989
"979",1999,"Queretaro",22,5692
"980",1999,"Quintana Roo",23,2652
"981",1999,"San Luis Potosi",24,12015
"982",1999,"Sinaloa",25,11961
"983",1999,"Sonora",26,10029
"984",1999,"State of Mexico",15,50329
"985",1999,"Tabasco",27,7749
"986",1999,"Tamaulipas",28,12986
"987",1999,"Tlaxcala",29,4514
"988",1999,"Veracruz",30,37174
"989",1999,"Yucatan",31,9151
"990",1999,"Zacatecas",32,7257
"991",2000,"Aguascalientes",1,3717
"992",2000,"Baja California",2,9177
"993",2000,"Baja California Sur",3,1698
"994",2000,"Campeche",4,3146
"995",2000,"Chiapas",7,16446
"996",2000,"Chihuahua",8,12896
"997",2000,"Coahuila",5,9773
"998",2000,"Colima",6,2475
"999",2000,"Durango",10,6740
"1000",2000,"Guanajuato",11,20830
"1001",2000,"Guerrero",12,15425
"1002",2000,"Hidalgo",13,10882
"1003",2000,"Jalisco",14,29446
"1004",2000,"Mexico City",9,42630
"1005",2000,"Michoacan",16,20083
"1006",2000,"Morelos",17,7477
"1007",2000,"National",0,445872
"1008",2000,"Nayarit",18,4735
"1009",2000,"Nuevo Leon",19,16571
"1010",2000,"Oaxaca",20,18808
"1011",2000,"Puebla",21,24482
"1012",2000,"Queretaro",22,5635
"1013",2000,"Quintana Roo",23,2673
"1014",2000,"San Luis Potosi",24,11749
"1015",2000,"Sinaloa",25,11663
"1016",2000,"Sonora",26,9782
"1017",2000,"State of Mexico",15,49702
"1018",2000,"Tabasco",27,7608
"1019",2000,"Tamaulipas",28,12676
"1020",2000,"Tlaxcala",29,4420
"1021",2000,"Veracruz",30,36502
"1022",2000,"Yucatan",31,8975
"1023",2000,"Zacatecas",32,7050
"1024",2001,"Aguascalientes",1,3777
"1025",2001,"Baja California",2,9262
"1026",2001,"Baja California Sur",3,1733
"1027",2001,"Campeche",4,3188
"1028",2001,"Chiapas",7,16703
"1029",2001,"Chihuahua",8,12933
"1030",2001,"Coahuila",5,9816
"1031",2001,"Colima",6,2489
"1032",2001,"Durango",10,6755
"1033",2001,"Guanajuato",11,20985
"1034",2001,"Guerrero",12,15509
"1035",2001,"Hidalgo",13,10903
"1036",2001,"Jalisco",14,29616
"1037",2001,"Mexico City",9,42850
"1038",2001,"Michoacan",16,20161
"1039",2001,"Morelos",17,7544
"1040",2001,"National",0,449111
"1041",2001,"Nayarit",18,4745
"1042",2001,"Nuevo Leon",19,16708
"1043",2001,"Oaxaca",20,18876
"1044",2001,"Puebla",21,24603
"1045",2001,"Queretaro",22,5742
"1046",2001,"Quintana Roo",23,2765
"1047",2001,"San Luis Potosi",24,11839
"1048",2001,"Sinaloa",25,11717
"1049",2001,"Sonora",26,9868
"1050",2001,"State of Mexico",15,50139
"1051",2001,"Tabasco",27,7661
"1052",2001,"Tamaulipas",28,12776
"1053",2001,"Tlaxcala",29,4459
"1054",2001,"Veracruz",30,36837
"1055",2001,"Yucatan",31,9076
"1056",2001,"Zacatecas",32,7076
"1057",2002,"Aguascalientes",1,3919
"1058",2002,"Baja California",2,9606
"1059",2002,"Baja California Sur",3,1795
"1060",2002,"Campeche",4,3290
"1061",2002,"Chiapas",7,17274
"1062",2002,"Chihuahua",8,13304
"1063",2002,"Coahuila",5,10097
"1064",2002,"Colima",6,2562
"1065",2002,"Durango",10,6928
"1066",2002,"Guanajuato",11,21606
"1067",2002,"Guerrero",12,15865
"1068",2002,"Hidalgo",13,11161
"1069",2002,"Jalisco",14,30450
"1070",2002,"Mexico City",9,44145
"1071",2002,"Michoacan",16,20650
"1072",2002,"Morelos",17,7773
"1073",2002,"National",0,462211
"1074",2002,"Nayarit",18,4854
"1075",2002,"Nuevo Leon",19,17258
"1076",2002,"Oaxaca",20,19328
"1077",2002,"Puebla",21,25208
"1078",2002,"Queretaro",22,5971
"1079",2002,"Quintana Roo",23,2933
"1080",2002,"San Luis Potosi",24,12164
"1081",2002,"Sinaloa",25,12027
"1082",2002,"Sonora",26,10175
"1083",2002,"State of Mexico",15,51793
"1084",2002,"Tabasco",27,7884
"1085",2002,"Tamaulipas",28,13152
"1086",2002,"Tlaxcala",29,4602
"1087",2002,"Veracruz",30,37856
"1088",2002,"Yucatan",31,9347
"1089",2002,"Zacatecas",32,7234
"1090",2003,"Aguascalientes",1,4092
"1091",2003,"Baja California",2,10008
"1092",2003,"Baja California Sur",3,1875
"1093",2003,"Campeche",4,3391
"1094",2003,"Chiapas",7,17750
"1095",2003,"Chihuahua",8,13740
"1096",2003,"Coahuila",5,10463
"1097",2003,"Colima",6,2641
"1098",2003,"Durango",10,7118
"1099",2003,"Guanajuato",11,22269
"1100",2003,"Guerrero",12,16209
"1101",2003,"Hidalgo",13,11457
"1102",2003,"Jalisco",14,31379
"1103",2003,"Mexico City",9,45692
"1104",2003,"Michoacan",16,21170
"1105",2003,"Morelos",17,8029
"1106",2003,"National",0,476496
"1107",2003,"Nayarit",18,4983
"1108",2003,"Nuevo Leon",19,17907
"1109",2003,"Oaxaca",20,19763
"1110",2003,"Puebla",21,25856
"1111",2003,"Queretaro",22,6209
"1112",2003,"Quintana Roo",23,3113
"1113",2003,"San Luis Potosi",24,12498
"1114",2003,"Sinaloa",25,12383
"1115",2003,"Sonora",26,10536
"1116",2003,"State of Mexico",15,53639
"1117",2003,"Tabasco",27,8129
"1118",2003,"Tamaulipas",28,13594
"1119",2003,"Tlaxcala",29,4758
"1120",2003,"Veracruz",30,38820
"1121",2003,"Yucatan",31,9619
"1122",2003,"Zacatecas",32,7406
"1123",2004,"Aguascalientes",1,4171
"1124",2004,"Baja California",2,10227
"1125",2004,"Baja California Sur",3,1912
"1126",2004,"Campeche",4,3408
"1127",2004,"Chiapas",7,17706
"1128",2004,"Chihuahua",8,13873
"1129",2004,"Coahuila",5,10601
"1130",2004,"Colima",6,2662
"1131",2004,"Durango",10,7145
"1132",2004,"Guanajuato",11,22385
"1133",2004,"Guerrero",12,16105
"1134",2004,"Hidalgo",13,11492
"1135",2004,"Jalisco",14,31591
"1136",2004,"Mexico City",9,46257
"1137",2004,"Michoacan",16,21138
"1138",2004,"Morelos",17,8083
"1139",2004,"National",0,479260
"1140",2004,"Nayarit",18,4991
"1141",2004,"Nuevo Leon",19,18157
"1142",2004,"Oaxaca",20,19676
"1143",2004,"Puebla",21,25839
"1144",2004,"Queretaro",22,6307
"1145",2004,"Quintana Roo",23,3216
"1146",2004,"San Luis Potosi",24,12513
"1147",2004,"Sinaloa",25,12441
"1148",2004,"Sonora",26,10669
"1149",2004,"State of Mexico",15,54216
"1150",2004,"Tabasco",27,8185
"1151",2004,"Tamaulipas",28,13708
"1152",2004,"Tlaxcala",29,4809
"1153",2004,"Veracruz",30,38747
"1154",2004,"Yucatan",31,9633
"1155",2004,"Zacatecas",32,7397
"1156",2005,"Aguascalientes",1,4407
"1157",2005,"Baja California",2,10851
"1158",2005,"Baja California Sur",3,2033
"1159",2005,"Campeche",4,3559
"1160",2005,"Chiapas",7,18323
"1161",2005,"Chihuahua",8,14570
"1162",2005,"Coahuila",5,11182
"1163",2005,"Colima",6,2790
"1164",2005,"Durango",10,7449
"1165",2005,"Guanajuato",11,23358
"1166",2005,"Guerrero",12,16623
"1167",2005,"Hidalgo",13,11980
"1168",2005,"Jalisco",14,33023
"1169",2005,"Mexico City",9,48580
"1170",2005,"Michoacan",16,21916
"1171",2005,"Morelos",17,8446
"1172",2005,"National",0,500593
"1173",2005,"Nayarit",18,5193
"1174",2005,"Nuevo Leon",19,19151
"1175",2005,"Oaxaca",20,20348
"1176",2005,"Puebla",21,26804
"1177",2005,"Queretaro",22,6653
"1178",2005,"Quintana Roo",23,3460
"1179",2005,"San Luis Potosi",24,13000
"1180",2005,"Sinaloa",25,12987
"1181",2005,"Sonora",26,11229
"1182",2005,"State of Mexico",15,56937
"1183",2005,"Tabasco",27,8550
"1184",2005,"Tamaulipas",28,14388
"1185",2005,"Tlaxcala",29,5032
"1186",2005,"Veracruz",30,40092
"1187",2005,"Yucatan",31,10015
"1188",2005,"Zacatecas",32,7664
"1189",2006,"Aguascalientes",1,4495
"1190",2006,"Baja California",2,11116
"1191",2006,"Baja California Sur",3,2094
"1192",2006,"Campeche",4,3569
"1193",2006,"Chiapas",7,18289
"1194",2006,"Chihuahua",8,14704
"1195",2006,"Coahuila",5,11373
"1196",2006,"Colima",6,2834
"1197",2006,"Durango",10,7500
"1198",2006,"Guanajuato",11,23571
"1199",2006,"Guerrero",12,16574
"1200",2006,"Hidalgo",13,12110
"1201",2006,"Jalisco",14,33294
"1202",2006,"Mexico City",9,48920
"1203",2006,"Michoacan",16,21944
"1204",2006,"Morelos",17,8545
"1205",2006,"National",0,504174
"1206",2006,"Nayarit",18,5228
"1207",2006,"Nuevo Leon",19,19474
"1208",2006,"Oaxaca",20,20321
"1209",2006,"Puebla",21,26773
"1210",2006,"Queretaro",22,6786
"1211",2006,"Quintana Roo",23,3588
"1212",2006,"San Luis Potosi",24,12998
"1213",2006,"Sinaloa",25,13065
"1214",2006,"Sonora",26,11403
"1215",2006,"State of Mexico",15,57719
"1216",2006,"Tabasco",27,8655
"1217",2006,"Tamaulipas",28,14528
"1218",2006,"Tlaxcala",29,5083
"1219",2006,"Veracruz",30,39962
"1220",2006,"Yucatan",31,10000
"1221",2006,"Zacatecas",32,7659
"1222",2007,"Aguascalientes",1,4737
"1223",2007,"Baja California",2,11801
"1224",2007,"Baja California Sur",3,2252
"1225",2007,"Campeche",4,3708
"1226",2007,"Chiapas",7,19021
"1227",2007,"Chihuahua",8,15321
"1228",2007,"Coahuila",5,12003
"1229",2007,"Colima",6,3000
"1230",2007,"Durango",10,7828
"1231",2007,"Guanajuato",11,24784
"1232",2007,"Guerrero",12,17247
"1233",2007,"Hidalgo",13,12792
"1234",2007,"Jalisco",14,34815
"1235",2007,"Mexico City",9,50767
"1236",2007,"Michoacan",16,22916
"1237",2007,"Morelos",17,8981
"1238",2007,"National",0,527242
"1239",2007,"Nayarit",18,5489
"1240",2007,"Nuevo Leon",19,20541
"1241",2007,"Oaxaca",20,21175
"1242",2007,"Puebla",21,27798
"1243",2007,"Queretaro",22,7196
"1244",2007,"Quintana Roo",23,3837
"1245",2007,"San Luis Potosi",24,13507
"1246",2007,"Sinaloa",25,13615
"1247",2007,"Sonora",26,12019
"1248",2007,"State of Mexico",15,60779
"1249",2007,"Tabasco",27,9126
"1250",2007,"Tamaulipas",28,15179
"1251",2007,"Tlaxcala",29,5320
"1252",2007,"Veracruz",30,41383
"1253",2007,"Yucatan",31,10349
"1254",2007,"Zacatecas",32,7956
"1255",2008,"Aguascalientes",1,4991
"1256",2008,"Baja California",2,12520
"1257",2008,"Baja California Sur",3,2418
"1258",2008,"Campeche",4,3875
"1259",2008,"Chiapas",7,19928
"1260",2008,"Chihuahua",8,15961
"1261",2008,"Coahuila",5,12668
"1262",2008,"Colima",6,3184
"1263",2008,"Durango",10,8189
"1264",2008,"Guanajuato",11,26050
"1265",2008,"Guerrero",12,18052
"1266",2008,"Hidalgo",13,13510
"1267",2008,"Jalisco",14,36429
"1268",2008,"Mexico City",9,52457
"1269",2008,"Michoacan",16,23943
"1270",2008,"Morelos",17,9460
"1271",2008,"National",0,551934
"1272",2008,"Nayarit",18,5773
"1273",2008,"Nuevo Leon",19,21653
"1274",2008,"Oaxaca",20,22100
"1275",2008,"Puebla",21,28908
"1276",2008,"Queretaro",22,7641
"1277",2008,"Quintana Roo",23,4132
"1278",2008,"San Luis Potosi",24,14071
"1279",2008,"Sinaloa",25,14224
"1280",2008,"Sonora",26,12668
"1281",2008,"State of Mexico",15,64016
"1282",2008,"Tabasco",27,9661
"1283",2008,"Tamaulipas",28,15893
"1284",2008,"Tlaxcala",29,5568
"1285",2008,"Veracruz",30,42989
"1286",2008,"Yucatan",31,10732
"1287",2008,"Zacatecas",32,8270
"1288",2009,"Aguascalientes",1,5257
"1289",2009,"Baja California",2,13261
"1290",2009,"Baja California Sur",3,2607
"1291",2009,"Campeche",4,4082
"1292",2009,"Chiapas",7,21081
"1293",2009,"Chihuahua",8,16668
"1294",2009,"Coahuila",5,13386
"1295",2009,"Colima",6,3382
"1296",2009,"Durango",10,8584
"1297",2009,"Guanajuato",11,27525
"1298",2009,"Guerrero",12,19111
"1299",2009,"Hidalgo",13,14358
"1300",2009,"Jalisco",14,38280
"1301",2009,"Mexico City",9,54270
"1302",2009,"Michoacan",16,25189
"1303",2009,"Morelos",17,10015
"1304",2009,"National",0,580721
"1305",2009,"Nayarit",18,6103
"1306",2009,"Nuevo Leon",19,22874
"1307",2009,"Oaxaca",20,23252
"1308",2009,"Puebla",21,30278
"1309",2009,"Queretaro",22,8138
"1310",2009,"Quintana Roo",23,4450
"1311",2009,"San Luis Potosi",24,14750
"1312",2009,"Sinaloa",25,14931
"1313",2009,"Sonora",26,13400
"1314",2009,"State of Mexico",15,67702
"1315",2009,"Tabasco",27,10272
"1316",2009,"Tamaulipas",28,16709
"1317",2009,"Tlaxcala",29,5862
"1318",2009,"Veracruz",30,45075
"1319",2009,"Yucatan",31,11210
"1320",2009,"Zacatecas",32,8659
"1321",2010,"Aguascalientes",1,5466
"1322",2010,"Baja California",2,13784
"1323",2010,"Baja California Sur",3,2734
"1324",2010,"Campeche",4,4267
"1325",2010,"Chiapas",7,22113
"1326",2010,"Chihuahua",8,17176
"1327",2010,"Coahuila",5,13896
"1328",2010,"Colima",6,3523
"1329",2010,"Durango",10,8883
"1330",2010,"Guanajuato",11,28598
"1331",2010,"Guerrero",12,20117
"1332",2010,"Hidalgo",13,14981
"1333",2010,"Jalisco",14,39664
"1334",2010,"Mexico City",9,55323
"1335",2010,"Michoacan",16,26122
"1336",2010,"Morelos",17,10440
"1337",2010,"National",0,602896
"1338",2010,"Nayarit",18,6337
"1339",2010,"Nuevo Leon",19,23767
"1340",2010,"Oaxaca",20,24176
"1341",2010,"Puebla",21,31403
"1342",2010,"Queretaro",22,8500
"1343",2010,"Quintana Roo",23,4717
"1344",2010,"San Luis Potosi",24,15320
"1345",2010,"Sinaloa",25,15501
"1346",2010,"Sonora",26,13928
"1347",2010,"State of Mexico",15,70481
"1348",2010,"Tabasco",27,10752
"1349",2010,"Tamaulipas",28,17373
"1350",2010,"Tlaxcala",29,6098
"1351",2010,"Veracruz",30,46897
"1352",2010,"Yucatan",31,11608
"1353",2010,"Zacatecas",32,8951
"1354",2011,"Aguascalientes",1,5565
"1355",2011,"Baja California",2,13891
"1356",2011,"Baja California Sur",3,2799
"1357",2011,"Campeche",4,4401
"1358",2011,"Chiapas",7,22902
"1359",2011,"Chihuahua",8,17290
"1360",2011,"Coahuila",5,14064
"1361",2011,"Colima",6,3584
"1362",2011,"Durango",10,9012
"1363",2011,"Guanajuato",11,28996
"1364",2011,"Guerrero",12,20915
"1365",2011,"Hidalgo",13,15307
"1366",2011,"Jalisco",14,40174
"1367",2011,"Mexico City",9,55130
"1368",2011,"Michoacan",16,26495
"1369",2011,"Morelos",17,10690
"1370",2011,"National",0,613657
"1371",2011,"Nayarit",18,6426
"1372",2011,"Nuevo Leon",19,24093
"1373",2011,"Oaxaca",20,24653
"1374",2011,"Puebla",21,32060
"1375",2011,"Queretaro",22,8660
"1376",2011,"Quintana Roo",23,4910
"1377",2011,"San Luis Potosi",24,15649
"1378",2011,"Sinaloa",25,15818
"1379",2011,"Sonora",26,14099
"1380",2011,"State of Mexico",15,72028
"1381",2011,"Tabasco",27,11003
"1382",2011,"Tamaulipas",28,17721
"1383",2011,"Tlaxcala",29,6224
"1384",2011,"Veracruz",30,48196
"1385",2011,"Yucatan",31,11835
"1386",2011,"Zacatecas",32,9067
"1387",2012,"Aguascalientes",1,5651
"1388",2012,"Baja California",2,13936
"1389",2012,"Baja California Sur",3,2866
"1390",2012,"Campeche",4,4581
"1391",2012,"Chiapas",7,24135
"1392",2012,"Chihuahua",8,17364
"1393",2012,"Coahuila",5,14188
"1394",2012,"Colima",6,3651
"1395",2012,"Durango",10,9154
"1396",2012,"Guanajuato",11,29522
"1397",2012,"Guerrero",12,22073
"1398",2012,"Hidalgo",13,15725
"1399",2012,"Jalisco",14,40745
"1400",2012,"Mexico City",9,54674
"1401",2012,"Michoacan",16,27006
"1402",2012,"Morelos",17,11019
"1403",2012,"National",0,627633
"1404",2012,"Nayarit",18,6540
"1405",2012,"Nuevo Leon",19,24413
"1406",2012,"Oaxaca",20,25365
"1407",2012,"Puebla",21,32996
"1408",2012,"Queretaro",22,8882
"1409",2012,"Quintana Roo",23,5151
"1410",2012,"San Luis Potosi",24,16123
"1411",2012,"Sinaloa",25,16222
"1412",2012,"Sonora",26,14286
"1413",2012,"State of Mexico",15,73957
"1414",2012,"Tabasco",27,11335
"1415",2012,"Tamaulipas",28,18143
"1416",2012,"Tlaxcala",29,6390
"1417",2012,"Veracruz",30,50134
"1418",2012,"Yucatan",31,12176
"1419",2012,"Zacatecas",32,9230
"1420",2013,"Aguascalientes",1,5852
"1421",2013,"Baja California",2,14383
"1422",2013,"Baja California Sur",3,2997
"1423",2013,"Campeche",4,4731
"1424",2013,"Chiapas",7,24869
"1425",2013,"Chihuahua",8,17723
"1426",2013,"Coahuila",5,14582
"1427",2013,"Colima",6,3746
"1428",2013,"Durango",10,9374
"1429",2013,"Guanajuato",11,30170
"1430",2013,"Guerrero",12,22620
"1431",2013,"Hidalgo",13,16220
"1432",2013,"Jalisco",14,41618
"1433",2013,"Mexico City",9,56149
"1434",2013,"Michoacan",16,27512
"1435",2013,"Morelos",17,11394
"1436",2013,"National",0,645369
"1437",2013,"Nayarit",18,6682
"1438",2013,"Nuevo Leon",19,25151
"1439",2013,"Oaxaca",20,25946
"1440",2013,"Puebla",21,33880
"1441",2013,"Queretaro",22,9203
"1442",2013,"Quintana Roo",23,5433
"1443",2013,"San Luis Potosi",24,16554
"1444",2013,"Sinaloa",25,16709
"1445",2013,"Sonora",26,14642
"1446",2013,"State of Mexico",15,76833
"1447",2013,"Tabasco",27,11680
"1448",2013,"Tamaulipas",28,18681
"1449",2013,"Tlaxcala",29,6595
"1450",2013,"Veracruz",30,51583
"1451",2013,"Yucatan",31,12448
"1452",2013,"Zacatecas",32,9409
"1453",2014,"Aguascalientes",1,6102
"1454",2014,"Baja California",2,14992
"1455",2014,"Baja California Sur",3,3158
"1456",2014,"Campeche",4,4942
"1457",2014,"Chiapas",7,25869
"1458",2014,"Chihuahua",8,18269
"1459",2014,"Coahuila",5,15127
"1460",2014,"Colima",6,3880
"1461",2014,"Durango",10,9698
"1462",2014,"Guanajuato",11,31131
"1463",2014,"Guerrero",12,23388
"1464",2014,"Hidalgo",13,16881
"1465",2014,"Jalisco",14,42896
"1466",2014,"Mexico City",9,58204
"1467",2014,"Michoacan",16,28298
"1468",2014,"Morelos",17,11883
"1469",2014,"National",0,669880
"1470",2014,"Nayarit",18,6903
"1471",2014,"Nuevo Leon",19,26173
"1472",2014,"Oaxaca",20,26763
"1473",2014,"Puebla",21,35100
"1474",2014,"Queretaro",22,9610
"1475",2014,"Quintana Roo",23,5777
"1476",2014,"San Luis Potosi",24,17158
"1477",2014,"Sinaloa",25,17373
"1478",2014,"Sonora",26,15172
"1479",2014,"State of Mexico",15,80601
"1480",2014,"Tabasco",27,12166
"1481",2014,"Tamaulipas",28,19421
"1482",2014,"Tlaxcala",29,6856
"1483",2014,"Veracruz",30,53565
"1484",2014,"Yucatan",31,12846
"1485",2014,"Zacatecas",32,9678
"1486",2015,"Aguascalientes",1,6441
"1487",2015,"Baja California",2,15764
"1488",2015,"Baja California Sur",3,3356
"1489",2015,"Campeche",4,5201
"1490",2015,"Chiapas",7,27164
"1491",2015,"Chihuahua",8,19012
"1492",2015,"Coahuila",5,15855
"1493",2015,"Colima",6,4053
"1494",2015,"Durango",10,10126
"1495",2015,"Guanajuato",11,32419
"1496",2015,"Guerrero",12,24411
"1497",2015,"Hidalgo",13,17742
"1498",2015,"Jalisco",14,44650
"1499",2015,"Mexico City",9,60913
"1500",2015,"Michoacan",16,29370
"1501",2015,"Morelos",17,12530
"1502",2015,"National",0,701961
"1503",2015,"Nayarit",18,7201
"1504",2015,"Nuevo Leon",19,27484
"1505",2015,"Oaxaca",20,27881
"1506",2015,"Puebla",21,36716
"1507",2015,"Queretaro",22,10144
"1508",2015,"Quintana Roo",23,6208
"1509",2015,"San Luis Potosi",24,17948
"1510",2015,"Sinaloa",25,18238
"1511",2015,"Sonora",26,15868
"1512",2015,"State of Mexico",15,85312
"1513",2015,"Tabasco",27,12793
"1514",2015,"Tamaulipas",28,20382
"1515",2015,"Tlaxcala",29,7196
"1516",2015,"Veracruz",30,56143
"1517",2015,"Yucatan",31,13389
"1518",2015,"Zacatecas",32,10051
"1519",2016,"Aguascalientes",1,6565
"1520",2016,"Baja California",2,16158
"1521",2016,"Baja California Sur",3,3460
"1522",2016,"Campeche",4,5304
"1523",2016,"Chiapas",7,27651
"1524",2016,"Chihuahua",8,19373
"1525",2016,"Coahuila",5,16217
"1526",2016,"Colima",6,4129
"1527",2016,"Durango",10,10275
"1528",2016,"Guanajuato",11,32882
"1529",2016,"Guerrero",12,24656
"1530",2016,"Hidalgo",13,18065
"1531",2016,"Jalisco",14,45305
"1532",2016,"Mexico City",9,62103
"1533",2016,"Michoacan",16,29650
"1534",2016,"Morelos",17,12774
"1535",2016,"National",0,714867
"1536",2016,"Nayarit",18,7302
"1537",2016,"Nuevo Leon",19,28123
"1538",2016,"Oaxaca",20,28169
"1539",2016,"Puebla",21,37275
"1540",2016,"Queretaro",22,10374
"1541",2016,"Quintana Roo",23,6428
"1542",2016,"San Luis Potosi",24,18230
"1543",2016,"Sinaloa",25,18594
"1544",2016,"Sonora",26,16180
"1545",2016,"State of Mexico",15,87624
"1546",2016,"Tabasco",27,13043
"1547",2016,"Tamaulipas",28,20790
"1548",2016,"Tlaxcala",29,7330
"1549",2016,"Veracruz",30,57041
"1550",2016,"Yucatan",31,13594
"1551",2016,"Zacatecas",32,10164
"1552",2017,"Aguascalientes",1,6769
"1553",2017,"Baja California",2,16756
"1554",2017,"Baja California Sur",3,3597
"1555",2017,"Campeche",4,5437
"1556",2017,"Chiapas",7,28286
"1557",2017,"Chihuahua",8,19988
"1558",2017,"Coahuila",5,16707
"1559",2017,"Colima",6,4239
"1560",2017,"Durango",10,10506
"1561",2017,"Guanajuato",11,33588
"1562",2017,"Guerrero",12,24919
"1563",2017,"Hidalgo",13,18486
"1564",2017,"Jalisco",14,46456
"1565",2017,"Mexico City",9,63516
"1566",2017,"Michoacan",16,30103
"1567",2017,"Morelos",17,13070
"1568",2017,"National",0,732161
"1569",2017,"Nayarit",18,7463
"1570",2017,"Nuevo Leon",19,29049
"1571",2017,"Oaxaca",20,28531
"1572",2017,"Puebla",21,38030
"1573",2017,"Queretaro",22,10728
"1574",2017,"Quintana Roo",23,6712
"1575",2017,"San Luis Potosi",24,18543
"1576",2017,"Sinaloa",25,19056
"1577",2017,"Sonora",26,16683
"1578",2017,"State of Mexico",15,90416
"1579",2017,"Tabasco",27,13375
"1580",2017,"Tamaulipas",28,21307
"1581",2017,"Tlaxcala",29,7487
"1582",2017,"Veracruz",30,58109
"1583",2017,"Yucatan",31,13914
"1584",2017,"Zacatecas",32,10318
"1585",2018,"Aguascalientes",1,6952
"1586",2018,"Baja California",2,17284
"1587",2018,"Baja California Sur",3,3723
"1588",2018,"Campeche",4,5552
"1589",2018,"Chiapas",7,28784
"1590",2018,"Chihuahua",8,20480
"1591",2018,"Coahuila",5,17135
"1592",2018,"Colima",6,4338
"1593",2018,"Durango",10,10684
"1594",2018,"Guanajuato",11,34104
"1595",2018,"Guerrero",12,25054
"1596",2018,"Hidalgo",13,18809
"1597",2018,"Jalisco",14,47335
"1598",2018,"Mexico City",9,64657
"1599",2018,"Michoacan",16,30425
"1600",2018,"Morelos",17,13318
"1601",2018,"National",0,746100
"1602",2018,"Nayarit",18,7587
"1603",2018,"Nuevo Leon",19,29854
"1604",2018,"Oaxaca",20,28759
"1605",2018,"Puebla",21,38582
"1606",2018,"Queretaro",22,11035
"1607",2018,"Quintana Roo",23,6975
"1608",2018,"San Luis Potosi",24,18757
"1609",2018,"Sinaloa",25,19436
"1610",2018,"Sonora",26,17120
"1611",2018,"State of Mexico",15,92755
"1612",2018,"Tabasco",27,13667
"1613",2018,"Tamaulipas",28,21728
"1614",2018,"Tlaxcala",29,7626
"1615",2018,"Veracruz",30,58900
"1616",2018,"Yucatan",31,14183
"1617",2018,"Zacatecas",32,10439
"1618",2019,"Aguascalientes",1,7141
"1619",2019,"Baja California",2,17861
"1620",2019,"Baja California Sur",3,3853
"1621",2019,"Campeche",4,5657
"1622",2019,"Chiapas",7,29348
"1623",2019,"Chihuahua",8,21049
"1624",2019,"Coahuila",5,17609
"1625",2019,"Colima",6,4445
"1626",2019,"Durango",10,10904
"1627",2019,"Guanajuato",11,34720
"1628",2019,"Guerrero",12,25245
"1629",2019,"Hidalgo",13,19204
"1630",2019,"Jalisco",14,48376
"1631",2019,"Mexico City",9,65931
"1632",2019,"Michoacan",16,30809
"1633",2019,"Morelos",17,13581
"1634",2019,"National",0,761787
"1635",2019,"Nayarit",18,7747
"1636",2019,"Nuevo Leon",19,30720
"1637",2019,"Oaxaca",20,29051
"1638",2019,"Puebla",21,39228
"1639",2019,"Queretaro",22,11387
"1640",2019,"Quintana Roo",23,7256
"1641",2019,"San Luis Potosi",24,19017
"1642",2019,"Sinaloa",25,19851
"1643",2019,"Sonora",26,17604
"1644",2019,"State of Mexico",15,95357
"1645",2019,"Tabasco",27,13971
"1646",2019,"Tamaulipas",28,22198
"1647",2019,"Tlaxcala",29,7778
"1648",2019,"Veracruz",30,59833
"1649",2019,"Yucatan",31,14472
"1650",2019,"Zacatecas",32,10571
"1651",2020,"Aguascalientes",1,7324
"1652",2020,"Baja California",2,18424
"1653",2020,"Baja California Sur",3,3983
"1654",2020,"Campeche",4,5784
"1655",2020,"Chiapas",7,29867
"1656",2020,"Chihuahua",8,21560
"1657",2020,"Coahuila",5,18036
"1658",2020,"Colima",6,4550
"1659",2020,"Durango",10,11091
"1660",2020,"Guanajuato",11,35274
"1661",2020,"Guerrero",12,25398
"1662",2020,"Hidalgo",13,19544
"1663",2020,"Jalisco",14,49308
"1664",2020,"MCMA",33,NA
"1665",2020,"Mexico City",9,67078
"1666",2020,"Michoacan",16,31141
"1667",2020,"Morelos",17,13825
"1668",2020,"National",0,776256
"1669",2020,"Nayarit",18,7892
"1670",2020,"Nuevo Leon",19,31541
"1671",2020,"Oaxaca",20,29298
"1672",2020,"Puebla",21,39822
"1673",2020,"Queretaro",22,11712
"1674",2020,"Quintana Roo",23,7525
"1675",2020,"San Luis Potosi",24,19246
"1676",2020,"Sinaloa",25,20246
"1677",2020,"Sonora",26,18069
"1678",2020,"State of Mexico",15,97790
"1679",2020,"Tabasco",27,14262
"1680",2020,"Tamaulipas",28,22621
"1681",2020,"Tlaxcala",29,7916
"1682",2020,"Veracruz",30,60646
"1683",2020,"Yucatan",31,14752
"1684",2020,"Zacatecas",32,10682
"1685",2021,"Aguascalientes",1,7527
"1686",2021,"Baja California",2,19006
"1687",2021,"Baja California Sur",3,4120
"1688",2021,"Campeche",4,5903
"1689",2021,"Chiapas",7,30426
"1690",2021,"Chihuahua",8,22119
"1691",2021,"Coahuila",5,18496
"1692",2021,"Colima",6,4661
"1693",2021,"Durango",10,11300
"1694",2021,"Guanajuato",11,35858
"1695",2021,"Guerrero",12,25584
"1696",2021,"Hidalgo",13,19922
"1697",2021,"Jalisco",14,50290
"1698",2021,"Mexico City",9,68265
"1699",2021,"Michoacan",16,31510
"1700",2021,"Morelos",17,14085
"1701",2021,"National",0,791489
"1702",2021,"Nayarit",18,8036
"1703",2021,"Nuevo Leon",19,32409
"1704",2021,"Oaxaca",20,29559
"1705",2021,"Puebla",21,40436
"1706",2021,"Queretaro",22,12056
"1707",2021,"Quintana Roo",23,7794
"1708",2021,"San Luis Potosi",24,19487
"1709",2021,"Sinaloa",25,20635
"1710",2021,"Sonora",26,18502
"1711",2021,"State of Mexico",15,100375
"1712",2021,"Tabasco",27,14575
"1713",2021,"Tamaulipas",28,23078
"1714",2021,"Tlaxcala",29,8057
"1715",2021,"Veracruz",30,61522
"1716",2021,"Yucatan",31,15038
"1717",2021,"Zacatecas",32,10813
"1718",2022,"Aguascalientes",1,7713
"1719",2022,"Baja California",2,19581
"1720",2022,"Baja California Sur",3,4258
"1721",2022,"Campeche",4,6019
"1722",2022,"Chiapas",7,30970
"1723",2022,"Chihuahua",8,22660
"1724",2022,"Coahuila",5,18938
"1725",2022,"Colima",6,4765
"1726",2022,"Durango",10,11486
"1727",2022,"Guanajuato",11,36427
"1728",2022,"Guerrero",12,25733
"1729",2022,"Hidalgo",13,20281
"1730",2022,"Jalisco",14,51270
"1731",2022,"Mexico City",9,69409
"1732",2022,"Michoacan",16,31854
"1733",2022,"Morelos",17,14334
"1734",2022,"National",0,806380
"1735",2022,"Nayarit",18,8177
"1736",2022,"Nuevo Leon",19,33250
"1737",2022,"Oaxaca",20,29800
"1738",2022,"Puebla",21,41040
"1739",2022,"Queretaro",22,12405
"1740",2022,"Quintana Roo",23,8081
"1741",2022,"San Luis Potosi",24,19716
"1742",2022,"Sinaloa",25,21027
"1743",2022,"Sonora",26,18967
"1744",2022,"State of Mexico",15,102935
"1745",2022,"Tabasco",27,14882
"1746",2022,"Tamaulipas",28,23526
"1747",2022,"Tlaxcala",29,8206
"1748",2022,"Veracruz",30,62359
"1749",2022,"Yucatan",31,15325
"1750",2022,"Zacatecas",32,10929
"1751",2023,"Aguascalientes",1,7918
"1752",2023,"Baja California",2,20192
"1753",2023,"Baja California Sur",3,4401
"1754",2023,"Campeche",4,6154
"1755",2023,"Chiapas",7,31521
"1756",2023,"Chihuahua",8,23183
"1757",2023,"Coahuila",5,19402
"1758",2023,"Colima",6,4882
"1759",2023,"Durango",10,11688
"1760",2023,"Guanajuato",11,37039
"1761",2023,"Guerrero",12,25909
"1762",2023,"Hidalgo",13,20659
"1763",2023,"Jalisco",14,52271
"1764",2023,"Mexico City",9,70574
"1765",2023,"Michoacan",16,32209
"1766",2023,"Morelos",17,14604
"1767",2023,"National",0,821706
"1768",2023,"Nayarit",18,8325
"1769",2023,"Nuevo Leon",19,34107
"1770",2023,"Oaxaca",20,30040
"1771",2023,"Puebla",21,41678
"1772",2023,"Queretaro",22,12767
"1773",2023,"Quintana Roo",23,8386
"1774",2023,"San Luis Potosi",24,19972
"1775",2023,"Sinaloa",25,21422
"1776",2023,"Sonora",26,19448
"1777",2023,"State of Mexico",15,105536
"1778",2023,"Tabasco",27,15197
"1779",2023,"Tamaulipas",28,23989
"1780",2023,"Tlaxcala",29,8356
"1781",2023,"Veracruz",30,63188
"1782",2023,"Yucatan",31,15614
"1783",2023,"Zacatecas",32,11055
"1784",2024,"Aguascalientes",1,8115
"1785",2024,"Baja California",2,20795
"1786",2024,"Baja California Sur",3,4542
"1787",2024,"Campeche",4,6283
"1788",2024,"Chiapas",7,32099
"1789",2024,"Chihuahua",8,23730
"1790",2024,"Coahuila",5,19857
"1791",2024,"Colima",6,4998
"1792",2024,"Durango",10,11885
"1793",2024,"Guanajuato",11,37638
"1794",2024,"Guerrero",12,26058
"1795",2024,"Hidalgo",13,21047
"1796",2024,"Jalisco",14,53290
"1797",2024,"Mexico City",9,71725
"1798",2024,"Michoacan",16,32569
"1799",2024,"Morelos",17,14860
"1800",2024,"National",0,837090
"1801",2024,"Nayarit",18,8477
"1802",2024,"Nuevo Leon",19,34978
"1803",2024,"Oaxaca",20,30313
"1804",2024,"Puebla",21,42289
"1805",2024,"Queretaro",22,13131
"1806",2024,"Quintana Roo",23,8675
"1807",2024,"San Luis Potosi",24,20222
"1808",2024,"Sinaloa",25,21816
"1809",2024,"Sonora",26,19911
"1810",2024,"State of Mexico",15,108164
"1811",2024,"Tabasco",27,15514
"1812",2024,"Tamaulipas",28,24430
"1813",2024,"Tlaxcala",29,8519
"1814",2024,"Veracruz",30,64059
"1815",2024,"Yucatan",31,15899
"1816",2024,"Zacatecas",32,11177
"1817",2025,"Aguascalientes",1,8329
"1818",2025,"Baja California",2,21412
"1819",2025,"Baja California Sur",3,4683
"1820",2025,"Campeche",4,6430
"1821",2025,"Chiapas",7,32680
"1822",2025,"Chihuahua",8,24290
"1823",2025,"Coahuila",5,20333
"1824",2025,"Colima",6,5117
"1825",2025,"Durango",10,12097
"1826",2025,"Guanajuato",11,38252
"1827",2025,"Guerrero",12,26235
"1828",2025,"Hidalgo",13,21434
"1829",2025,"Jalisco",14,54316
"1830",2025,"Mexico City",9,72839
"1831",2025,"Michoacan",16,32946
"1832",2025,"Morelos",17,15122
"1833",2025,"National",0,852822
"1834",2025,"Nayarit",18,8626
"1835",2025,"Nuevo Leon",19,35867
"1836",2025,"Oaxaca",20,30581
"1837",2025,"Puebla",21,42943
"1838",2025,"Queretaro",22,13514
"1839",2025,"Quintana Roo",23,8973
"1840",2025,"San Luis Potosi",24,20464
"1841",2025,"Sinaloa",25,22226
"1842",2025,"Sonora",26,20400
"1843",2025,"State of Mexico",15,110845
"1844",2025,"Tabasco",27,15845
"1845",2025,"Tamaulipas",28,24902
"1846",2025,"Tlaxcala",29,8676
"1847",2025,"Veracruz",30,64918
"1848",2025,"Yucatan",31,16209
"1849",2025,"Zacatecas",32,11300
"1850",2026,"Aguascalientes",1,8534
"1851",2026,"Baja California",2,22024
"1852",2026,"Baja California Sur",3,4837
"1853",2026,"Campeche",4,6575
"1854",2026,"Chiapas",7,33271
"1855",2026,"Chihuahua",8,24846
"1856",2026,"Coahuila",5,20812
"1857",2026,"Colima",6,5241
"1858",2026,"Durango",10,12292
"1859",2026,"Guanajuato",11,38894
"1860",2026,"Guerrero",12,26406
"1861",2026,"Hidalgo",13,21831
"1862",2026,"Jalisco",14,55344
"1863",2026,"Mexico City",9,74012
"1864",2026,"Michoacan",16,33335
"1865",2026,"Morelos",17,15391
"1866",2026,"National",0,868782
"1867",2026,"Nayarit",18,8789
"1868",2026,"Nuevo Leon",19,36756
"1869",2026,"Oaxaca",20,30839
"1870",2026,"Puebla",21,43603
"1871",2026,"Queretaro",22,13907
"1872",2026,"Quintana Roo",23,9282
"1873",2026,"San Luis Potosi",24,20708
"1874",2026,"Sinaloa",25,22631
"1875",2026,"Sonora",26,20885
"1876",2026,"State of Mexico",15,113529
"1877",2026,"Tabasco",27,16187
"1878",2026,"Tamaulipas",28,25379
"1879",2026,"Tlaxcala",29,8860
"1880",2026,"Veracruz",30,65785
"1881",2026,"Yucatan",31,16509
"1882",2026,"Zacatecas",32,11437
"1883",2027,"Aguascalientes",1,8755
"1884",2027,"Baja California",2,22685
"1885",2027,"Baja California Sur",3,5002
"1886",2027,"Campeche",4,6704
"1887",2027,"Chiapas",7,33889
"1888",2027,"Chihuahua",8,25405
"1889",2027,"Coahuila",5,21277
"1890",2027,"Colima",6,5358
"1891",2027,"Durango",10,12498
"1892",2027,"Guanajuato",11,39545
"1893",2027,"Guerrero",12,26592
"1894",2027,"Hidalgo",13,22251
"1895",2027,"Jalisco",14,56435
"1896",2027,"Mexico City",9,75152
"1897",2027,"Michoacan",16,33721
"1898",2027,"Morelos",17,15665
"1899",2027,"National",0,885088
"1900",2027,"Nayarit",18,8954
"1901",2027,"Nuevo Leon",19,37679
"1902",2027,"Oaxaca",20,31120
"1903",2027,"Puebla",21,44282
"1904",2027,"Queretaro",22,14313
"1905",2027,"Quintana Roo",23,9607
"1906",2027,"San Luis Potosi",24,20981
"1907",2027,"Sinaloa",25,23042
"1908",2027,"Sonora",26,21376
"1909",2027,"State of Mexico",15,116300
"1910",2027,"Tabasco",27,16535
"1911",2027,"Tamaulipas",28,25855
"1912",2027,"Tlaxcala",29,9024
"1913",2027,"Veracruz",30,66681
"1914",2027,"Yucatan",31,16816
"1915",2027,"Zacatecas",32,11559
"1916",2028,"Aguascalientes",1,8980
"1917",2028,"Baja California",2,23352
"1918",2028,"Baja California Sur",3,5147
"1919",2028,"Campeche",4,6852
"1920",2028,"Chiapas",7,34520
"1921",2028,"Chihuahua",8,25974
"1922",2028,"Coahuila",5,21775
"1923",2028,"Colima",6,5492
"1924",2028,"Durango",10,12720
"1925",2028,"Guanajuato",11,40222
"1926",2028,"Guerrero",12,26786
"1927",2028,"Hidalgo",13,22657
"1928",2028,"Jalisco",14,57502
"1929",2028,"Mexico City",9,76302
"1930",2028,"Michoacan",16,34142
"1931",2028,"Morelos",17,15937
"1932",2028,"National",0,901716
"1933",2028,"Nayarit",18,9121
"1934",2028,"Nuevo Leon",19,38614
"1935",2028,"Oaxaca",20,31412
"1936",2028,"Puebla",21,44987
"1937",2028,"Queretaro",22,14727
"1938",2028,"Quintana Roo",23,9936
"1939",2028,"San Luis Potosi",24,21250
"1940",2028,"Sinaloa",25,23466
"1941",2028,"Sonora",26,21864
"1942",2028,"State of Mexico",15,119116
"1943",2028,"Tabasco",27,16887
"1944",2028,"Tamaulipas",28,26348
"1945",2028,"Tlaxcala",29,9188
"1946",2028,"Veracruz",30,67591
"1947",2028,"Yucatan",31,17131
"1948",2028,"Zacatecas",32,11695
"1949",2029,"Aguascalientes",1,9205
"1950",2029,"Baja California",2,24018
"1951",2029,"Baja California Sur",3,5302
"1952",2029,"Campeche",4,7014
"1953",2029,"Chiapas",7,35151
"1954",2029,"Chihuahua",8,26526
"1955",2029,"Coahuila",5,22277
"1956",2029,"Colima",6,5630
"1957",2029,"Durango",10,12948
"1958",2029,"Guanajuato",11,40921
"1959",2029,"Guerrero",12,26961
"1960",2029,"Hidalgo",13,23102
"1961",2029,"Jalisco",14,58632
"1962",2029,"Mexico City",9,77447
"1963",2029,"Michoacan",16,34560
"1964",2029,"Morelos",17,16229
"1965",2029,"National",0,918710
"1966",2029,"Nayarit",18,9306
"1967",2029,"Nuevo Leon",19,39535
"1968",2029,"Oaxaca",20,31684
"1969",2029,"Puebla",21,45699
"1970",2029,"Queretaro",22,15148
"1971",2029,"Quintana Roo",23,10272
"1972",2029,"San Luis Potosi",24,21517
"1973",2029,"Sinaloa",25,23874
"1974",2029,"Sonora",26,22380
"1975",2029,"State of Mexico",15,121992
"1976",2029,"Tabasco",27,17244
"1977",2029,"Tamaulipas",28,26848
"1978",2029,"Tlaxcala",29,9398
"1979",2029,"Veracruz",30,68511
"1980",2029,"Yucatan",31,17457
"1981",2029,"Zacatecas",32,11844
"1982",2030,"Aguascalientes",1,9445
"1983",2030,"Baja California",2,24701
"1984",2030,"Baja California Sur",3,5465
"1985",2030,"Campeche",4,7169
"1986",2030,"Chiapas",7,35830
"1987",2030,"Chihuahua",8,27109
"1988",2030,"Coahuila",5,22787
"1989",2030,"Colima",6,5767
"1990",2030,"Durango",10,13165
"1991",2030,"Guanajuato",11,41642
"1992",2030,"Guerrero",12,27174
"1993",2030,"Hidalgo",13,23542
"1994",2030,"Jalisco",14,59759
"1995",2030,"Mexico City",9,78631
"1996",2030,"Michoacan",16,35010
"1997",2030,"Morelos",17,16518
"1998",2030,"National",0,936086
"1999",2030,"Nayarit",18,9479
"2000",2030,"Nuevo Leon",19,40504
"2001",2030,"Oaxaca",20,31993
"2002",2030,"Puebla",21,46446
"2003",2030,"Queretaro",22,15575
"2004",2030,"Quintana Roo",23,10627
"2005",2030,"San Luis Potosi",24,21785
"2006",2030,"Sinaloa",25,24305
"2007",2030,"Sonora",26,22892
"2008",2030,"State of Mexico",15,124942
"2009",2030,"Tabasco",27,17620
"2010",2030,"Tamaulipas",28,27342
"2011",2030,"Tlaxcala",29,9583
"2012",2030,"Veracruz",30,69453
"2013",2030,"Yucatan",31,17780
"2014",2030,"Zacatecas",32,11986
"2015",2031,"Aguascalientes",1,9670
"2016",2031,"Baja California",2,25417
"2017",2031,"Baja California Sur",3,5629
"2018",2031,"Campeche",4,7330
"2019",2031,"Chiapas",7,36509
"2020",2031,"Chihuahua",8,27712
"2021",2031,"Coahuila",5,23317
"2022",2031,"Colima",6,5904
"2023",2031,"Durango",10,13410
"2024",2031,"Guanajuato",11,42376
"2025",2031,"Guerrero",12,27389
"2026",2031,"Hidalgo",13,23982
"2027",2031,"Jalisco",14,60932
"2028",2031,"Mexico City",9,79802
"2029",2031,"Michoacan",16,35448
"2030",2031,"Morelos",17,16806
"2031",2031,"National",0,953813
"2032",2031,"Nayarit",18,9658
"2033",2031,"Nuevo Leon",19,41491
"2034",2031,"Oaxaca",20,32317
"2035",2031,"Puebla",21,47187
"2036",2031,"Queretaro",22,16029
"2037",2031,"Quintana Roo",23,10987
"2038",2031,"San Luis Potosi",24,22092
"2039",2031,"Sinaloa",25,24732
"2040",2031,"Sonora",26,23424
"2041",2031,"State of Mexico",15,127884
"2042",2031,"Tabasco",27,17992
"2043",2031,"Tamaulipas",28,27879
"2044",2031,"Tlaxcala",29,9781
"2045",2031,"Veracruz",30,70400
"2046",2031,"Yucatan",31,18130
"2047",2031,"Zacatecas",32,12142
"2048",2032,"Aguascalientes",1,9922
"2049",2032,"Baja California",2,26143
"2050",2032,"Baja California Sur",3,5800
"2051",2032,"Campeche",4,7492
"2052",2032,"Chiapas",7,37207
"2053",2032,"Chihuahua",8,28304
"2054",2032,"Coahuila",5,23861
"2055",2032,"Colima",6,6052
"2056",2032,"Durango",10,13639
"2057",2032,"Guanajuato",11,43141
"2058",2032,"Guerrero",12,27614
"2059",2032,"Hidalgo",13,24449
"2060",2032,"Jalisco",14,62105
"2061",2032,"Mexico City",9,80952
"2062",2032,"Michoacan",16,35899
"2063",2032,"Morelos",17,17100
"2064",2032,"National",0,971907
"2065",2032,"Nayarit",18,9841
"2066",2032,"Nuevo Leon",19,42495
"2067",2032,"Oaxaca",20,32638
"2068",2032,"Puebla",21,47978
"2069",2032,"Queretaro",22,16500
"2070",2032,"Quintana Roo",23,11340
"2071",2032,"San Luis Potosi",24,22387
"2072",2032,"Sinaloa",25,25187
"2073",2032,"Sonora",26,23959
"2074",2032,"State of Mexico",15,130915
"2075",2032,"Tabasco",27,18395
"2076",2032,"Tamaulipas",28,28413
"2077",2032,"Tlaxcala",29,9994
"2078",2032,"Veracruz",30,71378
"2079",2032,"Yucatan",31,18481
"2080",2032,"Zacatecas",32,12290
"2081",2033,"Aguascalientes",1,10164
"2082",2033,"Baja California",2,26877
"2083",2033,"Baja California Sur",3,5962
"2084",2033,"Campeche",4,7663
"2085",2033,"Chiapas",7,37932
"2086",2033,"Chihuahua",8,28906
"2087",2033,"Coahuila",5,24399
"2088",2033,"Colima",6,6191
"2089",2033,"Durango",10,13862
"2090",2033,"Guanajuato",11,43933
"2091",2033,"Guerrero",12,27844
"2092",2033,"Hidalgo",13,24914
"2093",2033,"Jalisco",14,63324
"2094",2033,"Mexico City",9,82125
"2095",2033,"Michoacan",16,36382
"2096",2033,"Morelos",17,17429
"2097",2033,"National",0,990361
"2098",2033,"Nayarit",18,10026
"2099",2033,"Nuevo Leon",19,43504
"2100",2033,"Oaxaca",20,32977
"2101",2033,"Puebla",21,48783
"2102",2033,"Queretaro",22,16969
"2103",2033,"Quintana Roo",23,11727
"2104",2033,"San Luis Potosi",24,22697
"2105",2033,"Sinaloa",25,25636
"2106",2033,"Sonora",26,24500
"2107",2033,"State of Mexico",15,133986
"2108",2033,"Tabasco",27,18787
"2109",2033,"Tamaulipas",28,28948
"2110",2033,"Tlaxcala",29,10214
"2111",2033,"Veracruz",30,72368
"2112",2033,"Yucatan",31,18848
"2113",2033,"Zacatecas",32,12462
"2114",2034,"Aguascalientes",1,10413
"2115",2034,"Baja California",2,27623
"2116",2034,"Baja California Sur",3,6139
"2117",2034,"Campeche",4,7843
"2118",2034,"Chiapas",7,38692
"2119",2034,"Chihuahua",8,29503
"2120",2034,"Coahuila",5,24960
"2121",2034,"Colima",6,6349
"2122",2034,"Durango",10,14114
"2123",2034,"Guanajuato",11,44744
"2124",2034,"Guerrero",12,28057
"2125",2034,"Hidalgo",13,25405
"2126",2034,"Jalisco",14,64561
"2127",2034,"Mexico City",9,83299
"2128",2034,"Michoacan",16,36879
"2129",2034,"Morelos",17,17733
"2130",2034,"National",0,1009190
"2131",2034,"Nayarit",18,10223
"2132",2034,"Nuevo Leon",19,44540
"2133",2034,"Oaxaca",20,33316
"2134",2034,"Puebla",21,49594
"2135",2034,"Queretaro",22,17445
"2136",2034,"Quintana Roo",23,12110
"2137",2034,"San Luis Potosi",24,23020
"2138",2034,"Sinaloa",25,26094
"2139",2034,"Sonora",26,25051
"2140",2034,"State of Mexico",15,137139
"2141",2034,"Tabasco",27,19184
"2142",2034,"Tamaulipas",28,29502
"2143",2034,"Tlaxcala",29,10435
"2144",2034,"Veracruz",30,73367
"2145",2034,"Yucatan",31,19221
"2146",2034,"Zacatecas",32,12631
"2147",2035,"Aguascalientes",1,10670
"2148",2035,"Baja California",2,28388
"2149",2035,"Baja California Sur",3,6328
"2150",2035,"Campeche",4,8018
"2151",2035,"Chiapas",7,39442
"2152",2035,"Chihuahua",8,30132
"2153",2035,"Coahuila",5,25512
"2154",2035,"Colima",6,6497
"2155",2035,"Durango",10,14371
"2156",2035,"Guanajuato",11,45556
"2157",2035,"Guerrero",12,28308
"2158",2035,"Hidalgo",13,25886
"2159",2035,"Jalisco",14,65822
"2160",2035,"Mexico City",9,84445
"2161",2035,"Michoacan",16,37379
"2162",2035,"Morelos",17,18058
"2163",2035,"National",0,1028320
"2164",2035,"Nayarit",18,10419
"2165",2035,"Nuevo Leon",19,45603
"2166",2035,"Oaxaca",20,33683
"2167",2035,"Puebla",21,50458
"2168",2035,"Queretaro",22,17952
"2169",2035,"Quintana Roo",23,12513
"2170",2035,"San Luis Potosi",24,23353
"2171",2035,"Sinaloa",25,26549
"2172",2035,"Sonora",26,25608
"2173",2035,"State of Mexico",15,140277
"2174",2035,"Tabasco",27,19603
"2175",2035,"Tamaulipas",28,30069
"2176",2035,"Tlaxcala",29,10674
"2177",2035,"Veracruz",30,74363
"2178",2035,"Yucatan",31,19608
"2179",2035,"Zacatecas",32,12809
"2180",2036,"Aguascalientes",1,10938
"2181",2036,"Baja California",2,29152
"2182",2036,"Baja California Sur",3,6505
"2183",2036,"Campeche",4,8215
"2184",2036,"Chiapas",7,40209
"2185",2036,"Chihuahua",8,30752
"2186",2036,"Coahuila",5,26089
"2187",2036,"Colima",6,6649
"2188",2036,"Durango",10,14610
"2189",2036,"Guanajuato",11,46393
"2190",2036,"Guerrero",12,28548
"2191",2036,"Hidalgo",13,26396
"2192",2036,"Jalisco",14,67088
"2193",2036,"Mexico City",9,85616
"2194",2036,"Michoacan",16,37890
"2195",2036,"Morelos",17,18395
"2196",2036,"National",0,1047777
"2197",2036,"Nayarit",18,10623
"2198",2036,"Nuevo Leon",19,46657
"2199",2036,"Oaxaca",20,34049
"2200",2036,"Puebla",21,51325
"2201",2036,"Queretaro",22,18465
"2202",2036,"Quintana Roo",23,12920
"2203",2036,"San Luis Potosi",24,23685
"2204",2036,"Sinaloa",25,27019
"2205",2036,"Sonora",26,26161
"2206",2036,"State of Mexico",15,143511
"2207",2036,"Tabasco",27,20043
"2208",2036,"Tamaulipas",28,30634
"2209",2036,"Tlaxcala",29,10891
"2210",2036,"Veracruz",30,75380
"2211",2036,"Yucatan",31,19962
"2212",2036,"Zacatecas",32,12970
"2213",2037,"Aguascalientes",1,11210
"2214",2037,"Baja California",2,29943
"2215",2037,"Baja California Sur",3,6697
"2216",2037,"Campeche",4,8405
"2217",2037,"Chiapas",7,40999
"2218",2037,"Chihuahua",8,31380
"2219",2037,"Coahuila",5,26665
"2220",2037,"Colima",6,6812
"2221",2037,"Durango",10,14885
"2222",2037,"Guanajuato",11,47258
"2223",2037,"Guerrero",12,28810
"2224",2037,"Hidalgo",13,26902
"2225",2037,"Jalisco",14,68379
"2226",2037,"Mexico City",9,86749
"2227",2037,"Michoacan",16,38409
"2228",2037,"Morelos",17,18721
"2229",2037,"National",0,1067534
"2230",2037,"Nayarit",18,10836
"2231",2037,"Nuevo Leon",19,47741
"2232",2037,"Oaxaca",20,34422
"2233",2037,"Puebla",21,52207
"2234",2037,"Queretaro",22,18981
"2235",2037,"Quintana Roo",23,13331
"2236",2037,"San Luis Potosi",24,24032
"2237",2037,"Sinaloa",25,27490
"2238",2037,"Sonora",26,26741
"2239",2037,"State of Mexico",15,146734
"2240",2037,"Tabasco",27,20465
"2241",2037,"Tamaulipas",28,31203
"2242",2037,"Tlaxcala",29,11133
"2243",2037,"Veracruz",30,76411
"2244",2037,"Yucatan",31,20388
"2245",2037,"Zacatecas",32,13160
"2246",2038,"Aguascalientes",1,11478
"2247",2038,"Baja California",2,30749
"2248",2038,"Baja California Sur",3,6876
"2249",2038,"Campeche",4,8595
"2250",2038,"Chiapas",7,41806
"2251",2038,"Chihuahua",8,32013
"2252",2038,"Coahuila",5,27258
"2253",2038,"Colima",6,6962
"2254",2038,"Durango",10,15146
"2255",2038,"Guanajuato",11,48139
"2256",2038,"Guerrero",12,29047
"2257",2038,"Hidalgo",13,27419
"2258",2038,"Jalisco",14,69707
"2259",2038,"Mexico City",9,87887
"2260",2038,"Michoacan",16,38942
"2261",2038,"Morelos",17,19050
"2262",2038,"National",0,1087521
"2263",2038,"Nayarit",18,11058
"2264",2038,"Nuevo Leon",19,48853
"2265",2038,"Oaxaca",20,34805
"2266",2038,"Puebla",21,53125
"2267",2038,"Queretaro",22,19502
"2268",2038,"Quintana Roo",23,13743
"2269",2038,"San Luis Potosi",24,24378
"2270",2038,"Sinaloa",25,27977
"2271",2038,"Sonora",26,27320
"2272",2038,"State of Mexico",15,149999
"2273",2038,"Tabasco",27,20905
"2274",2038,"Tamaulipas",28,31795
"2275",2038,"Tlaxcala",29,11377
"2276",2038,"Veracruz",30,77438
"2277",2038,"Yucatan",31,20788
"2278",2038,"Zacatecas",32,13339
"2279",2039,"Aguascalientes",1,11757
"2280",2039,"Baja California",2,31556
"2281",2039,"Baja California Sur",3,7066
"2282",2039,"Campeche",4,8792
"2283",2039,"Chiapas",7,42621
"2284",2039,"Chihuahua",8,32656
"2285",2039,"Coahuila",5,27832
"2286",2039,"Colima",6,7130
"2287",2039,"Durango",10,15417
"2288",2039,"Guanajuato",11,49029
"2289",2039,"Guerrero",12,29321
"2290",2039,"Hidalgo",13,27936
"2291",2039,"Jalisco",14,71035
"2292",2039,"Mexico City",9,89006
"2293",2039,"Michoacan",16,39480
"2294",2039,"Morelos",17,19401
"2295",2039,"National",0,1107759
"2296",2039,"Nayarit",18,11275
"2297",2039,"Nuevo Leon",19,49971
"2298",2039,"Oaxaca",20,35184
"2299",2039,"Puebla",21,54033
"2300",2039,"Queretaro",22,20049
"2301",2039,"Quintana Roo",23,14183
"2302",2039,"San Luis Potosi",24,24740
"2303",2039,"Sinaloa",25,28457
"2304",2039,"Sonora",26,27899
"2305",2039,"State of Mexico",15,153313
"2306",2039,"Tabasco",27,21348
"2307",2039,"Tamaulipas",28,32388
"2308",2039,"Tlaxcala",29,11629
"2309",2039,"Veracruz",30,78479
"2310",2039,"Yucatan",31,21203
"2311",2039,"Zacatecas",32,13531
"2312",2040,"Aguascalientes",1,12047
"2313",2040,"Baja California",2,32373
"2314",2040,"Baja California Sur",3,7262
"2315",2040,"Campeche",4,9003
"2316",2040,"Chiapas",7,43489
"2317",2040,"Chihuahua",8,33307
"2318",2040,"Coahuila",5,28436
"2319",2040,"Colima",6,7305
"2320",2040,"Durango",10,15683
"2321",2040,"Guanajuato",11,49920
"2322",2040,"Guerrero",12,29580
"2323",2040,"Hidalgo",13,28471
"2324",2040,"Jalisco",14,72396
"2325",2040,"Mexico City",9,90103
"2326",2040,"Michoacan",16,40030
"2327",2040,"Morelos",17,19722
"2328",2040,"National",0,1128177
"2329",2040,"Nayarit",18,11494
"2330",2040,"Nuevo Leon",19,51104
"2331",2040,"Oaxaca",20,35598
"2332",2040,"Puebla",21,54978
"2333",2040,"Queretaro",22,20593
"2334",2040,"Quintana Roo",23,14616
"2335",2040,"San Luis Potosi",24,25097
"2336",2040,"Sinaloa",25,28942
"2337",2040,"Sonora",26,28479
"2338",2040,"State of Mexico",15,156607
"2339",2040,"Tabasco",27,21800
"2340",2040,"Tamaulipas",28,32992
"2341",2040,"Tlaxcala",29,11888
"2342",2040,"Veracruz",30,79524
"2343",2040,"Yucatan",31,21616
"2344",2040,"Zacatecas",32,13715
"2345",2041,"Aguascalientes",1,12328
"2346",2041,"Baja California",2,33210
"2347",2041,"Baja California Sur",3,7446
"2348",2041,"Campeche",4,9196
"2349",2041,"Chiapas",7,44326
"2350",2041,"Chihuahua",8,33948
"2351",2041,"Coahuila",5,29048
"2352",2041,"Colima",6,7463
"2353",2041,"Durango",10,15963
"2354",2041,"Guanajuato",11,50841
"2355",2041,"Guerrero",12,29855
"2356",2041,"Hidalgo",13,29008
"2357",2041,"Jalisco",14,73740
"2358",2041,"Mexico City",9,91160
"2359",2041,"Michoacan",16,40558
"2360",2041,"Morelos",17,20059
"2361",2041,"National",0,1148717
"2362",2041,"Nayarit",18,11730
"2363",2041,"Nuevo Leon",19,52242
"2364",2041,"Oaxaca",20,36013
"2365",2041,"Puebla",21,55915
"2366",2041,"Queretaro",22,21150
"2367",2041,"Quintana Roo",23,15060
"2368",2041,"San Luis Potosi",24,25498
"2369",2041,"Sinaloa",25,29431
"2370",2041,"Sonora",26,29077
"2371",2041,"State of Mexico",15,159926
"2372",2041,"Tabasco",27,22265
"2373",2041,"Tamaulipas",28,33576
"2374",2041,"Tlaxcala",29,12150
"2375",2041,"Veracruz",30,80556
"2376",2041,"Yucatan",31,22041
"2377",2041,"Zacatecas",32,13911
"2378",2042,"Aguascalientes",1,12615
"2379",2042,"Baja California",2,34040
"2380",2042,"Baja California Sur",3,7654
"2381",2042,"Campeche",4,9414
"2382",2042,"Chiapas",7,45203
"2383",2042,"Chihuahua",8,34592
"2384",2042,"Coahuila",5,29645
"2385",2042,"Colima",6,7628
"2386",2042,"Durango",10,16236
"2387",2042,"Guanajuato",11,51745
"2388",2042,"Guerrero",12,30127
"2389",2042,"Hidalgo",13,29547
"2390",2042,"Jalisco",14,75101
"2391",2042,"Mexico City",9,92225
"2392",2042,"Michoacan",16,41122
"2393",2042,"Morelos",17,20416
"2394",2042,"National",0,1169405
"2395",2042,"Nayarit",18,11950
"2396",2042,"Nuevo Leon",19,53388
"2397",2042,"Oaxaca",20,36420
"2398",2042,"Puebla",21,56887
"2399",2042,"Queretaro",22,21718
"2400",2042,"Quintana Roo",23,15517
"2401",2042,"San Luis Potosi",24,25844
"2402",2042,"Sinaloa",25,29919
"2403",2042,"Sonora",26,29680
"2404",2042,"State of Mexico",15,163250
"2405",2042,"Tabasco",27,22718
"2406",2042,"Tamaulipas",28,34190
"2407",2042,"Tlaxcala",29,12409
"2408",2042,"Veracruz",30,81591
"2409",2042,"Yucatan",31,22488
"2410",2042,"Zacatecas",32,14120
"2411",2043,"Aguascalientes",1,12903
"2412",2043,"Baja California",2,34884
"2413",2043,"Baja California Sur",3,7850
"2414",2043,"Campeche",4,9631
"2415",2043,"Chiapas",7,46086
"2416",2043,"Chihuahua",8,35238
"2417",2043,"Coahuila",5,30254
"2418",2043,"Colima",6,7788
"2419",2043,"Durango",10,16510
"2420",2043,"Guanajuato",11,52683
"2421",2043,"Guerrero",12,30390
"2422",2043,"Hidalgo",13,30081
"2423",2043,"Jalisco",14,76510
"2424",2043,"Mexico City",9,93256
"2425",2043,"Michoacan",16,41685
"2426",2043,"Morelos",17,20764
"2427",2043,"National",0,1190173
"2428",2043,"Nayarit",18,12179
"2429",2043,"Nuevo Leon",19,54561
"2430",2043,"Oaxaca",20,36834
"2431",2043,"Puebla",21,57850
"2432",2043,"Queretaro",22,22270
"2433",2043,"Quintana Roo",23,15980
"2434",2043,"San Luis Potosi",24,26229
"2435",2043,"Sinaloa",25,30414
"2436",2043,"Sonora",26,30276
"2437",2043,"State of Mexico",15,166584
"2438",2043,"Tabasco",27,23177
"2439",2043,"Tamaulipas",28,34780
"2440",2043,"Tlaxcala",29,12675
"2441",2043,"Veracruz",30,82633
"2442",2043,"Yucatan",31,22917
"2443",2043,"Zacatecas",32,14317
"2444",2044,"Aguascalientes",1,13205
"2445",2044,"Baja California",2,35737
"2446",2044,"Baja California Sur",3,8044
"2447",2044,"Campeche",4,9841
"2448",2044,"Chiapas",7,46996
"2449",2044,"Chihuahua",8,35888
"2450",2044,"Coahuila",5,30858
"2451",2044,"Colima",6,7952
"2452",2044,"Durango",10,16799
"2453",2044,"Guanajuato",11,53620
"2454",2044,"Guerrero",12,30676
"2455",2044,"Hidalgo",13,30632
"2456",2044,"Jalisco",14,77893
"2457",2044,"Mexico City",9,94238
"2458",2044,"Michoacan",16,42233
"2459",2044,"Morelos",17,21105
"2460",2044,"National",0,1210946
"2461",2044,"Nayarit",18,12423
"2462",2044,"Nuevo Leon",19,55723
"2463",2044,"Oaxaca",20,37256
"2464",2044,"Puebla",21,58824
"2465",2044,"Queretaro",22,22836
"2466",2044,"Quintana Roo",23,16435
"2467",2044,"San Luis Potosi",24,26605
"2468",2044,"Sinaloa",25,30898
"2469",2044,"Sonora",26,30869
"2470",2044,"State of Mexico",15,169912
"2471",2044,"Tabasco",27,23646
"2472",2044,"Tamaulipas",28,35367
"2473",2044,"Tlaxcala",29,12945
"2474",2044,"Veracruz",30,83647
"2475",2044,"Yucatan",31,23356
"2476",2044,"Zacatecas",32,14509
"2477",2045,"Aguascalientes",1,13506
"2478",2045,"Baja California",2,36592
"2479",2045,"Baja California Sur",3,8250
"2480",2045,"Campeche",4,10069
"2481",2045,"Chiapas",7,47909
"2482",2045,"Chihuahua",8,36518
"2483",2045,"Coahuila",5,31473
"2484",2045,"Colima",6,8127
"2485",2045,"Durango",10,17070
"2486",2045,"Guanajuato",11,54547
"2487",2045,"Guerrero",12,30936
"2488",2045,"Hidalgo",13,31162
"2489",2045,"Jalisco",14,79276
"2490",2045,"Mexico City",9,95201
"2491",2045,"Michoacan",16,42787
"2492",2045,"Morelos",17,21453
"2493",2045,"National",0,1231732
"2494",2045,"Nayarit",18,12667
"2495",2045,"Nuevo Leon",19,56881
"2496",2045,"Oaxaca",20,37668
"2497",2045,"Puebla",21,59817
"2498",2045,"Queretaro",22,23425
"2499",2045,"Quintana Roo",23,16903
"2500",2045,"San Luis Potosi",24,26973
"2501",2045,"Sinaloa",25,31391
"2502",2045,"Sonora",26,31465
"2503",2045,"State of Mexico",15,173214
"2504",2045,"Tabasco",27,24102
"2505",2045,"Tamaulipas",28,35973
"2506",2045,"Tlaxcala",29,13216
"2507",2045,"Veracruz",30,84663
"2508",2045,"Yucatan",31,23804
"2509",2045,"Zacatecas",32,14720
"2510",2046,"Aguascalientes",1,13799
"2511",2046,"Baja California",2,37422
"2512",2046,"Baja California Sur",3,8462
"2513",2046,"Campeche",4,10270
"2514",2046,"Chiapas",7,48820
"2515",2046,"Chihuahua",8,37165
"2516",2046,"Coahuila",5,32067
"2517",2046,"Colima",6,8291
"2518",2046,"Durango",10,17366
"2519",2046,"Guanajuato",11,55482
"2520",2046,"Guerrero",12,31197
"2521",2046,"Hidalgo",13,31719
"2522",2046,"Jalisco",14,80681
"2523",2046,"Mexico City",9,96117
"2524",2046,"Michoacan",16,43355
"2525",2046,"Morelos",17,21800
"2526",2046,"National",0,1252471
"2527",2046,"Nayarit",18,12907
"2528",2046,"Nuevo Leon",19,58044
"2529",2046,"Oaxaca",20,38092
"2530",2046,"Puebla",21,60797
"2531",2046,"Queretaro",22,24009
"2532",2046,"Quintana Roo",23,17374
"2533",2046,"San Luis Potosi",24,27359
"2534",2046,"Sinaloa",25,31875
"2535",2046,"Sonora",26,32042
"2536",2046,"State of Mexico",15,176482
"2537",2046,"Tabasco",27,24573
"2538",2046,"Tamaulipas",28,36555
"2539",2046,"Tlaxcala",29,13481
"2540",2046,"Veracruz",30,85651
"2541",2046,"Yucatan",31,24251
"2542",2046,"Zacatecas",32,14915
"2543",2047,"Aguascalientes",1,14093
"2544",2047,"Baja California",2,38284
"2545",2047,"Baja California Sur",3,8663
"2546",2047,"Campeche",4,10503
"2547",2047,"Chiapas",7,49764
"2548",2047,"Chihuahua",8,37808
"2549",2047,"Coahuila",5,32683
"2550",2047,"Colima",6,8463
"2551",2047,"Durango",10,17625
"2552",2047,"Guanajuato",11,56417
"2553",2047,"Guerrero",12,31473
"2554",2047,"Hidalgo",13,32269
"2555",2047,"Jalisco",14,82076
"2556",2047,"Mexico City",9,96970
"2557",2047,"Michoacan",16,43896
"2558",2047,"Morelos",17,22149
"2559",2047,"National",0,1273087
"2560",2047,"Nayarit",18,13150
"2561",2047,"Nuevo Leon",19,59224
"2562",2047,"Oaxaca",20,38522
"2563",2047,"Puebla",21,61797
"2564",2047,"Queretaro",22,24604
"2565",2047,"Quintana Roo",23,17864
"2566",2047,"San Luis Potosi",24,27747
"2567",2047,"Sinaloa",25,32363
"2568",2047,"Sonora",26,32649
"2569",2047,"State of Mexico",15,179681
"2570",2047,"Tabasco",27,25056
"2571",2047,"Tamaulipas",28,37140
"2572",2047,"Tlaxcala",29,13747
"2573",2047,"Veracruz",30,86610
"2574",2047,"Yucatan",31,24712
"2575",2047,"Zacatecas",32,15114
"2576",2048,"Aguascalientes",1,14381
"2577",2048,"Baja California",2,39129
"2578",2048,"Baja California Sur",3,8866
"2579",2048,"Campeche",4,10729
"2580",2048,"Chiapas",7,50700
"2581",2048,"Chihuahua",8,38415
"2582",2048,"Coahuila",5,33286
"2583",2048,"Colima",6,8653
"2584",2048,"Durango",10,17913
"2585",2048,"Guanajuato",11,57352
"2586",2048,"Guerrero",12,31753
"2587",2048,"Hidalgo",13,32786
"2588",2048,"Jalisco",14,83454
"2589",2048,"Mexico City",9,97810
"2590",2048,"Michoacan",16,44450
"2591",2048,"Morelos",17,22475
"2592",2048,"National",0,1293580
"2593",2048,"Nayarit",18,13400
"2594",2048,"Nuevo Leon",19,60389
"2595",2048,"Oaxaca",20,38934
"2596",2048,"Puebla",21,62788
"2597",2048,"Queretaro",22,25180
"2598",2048,"Quintana Roo",23,18343
"2599",2048,"San Luis Potosi",24,28126
"2600",2048,"Sinaloa",25,32837
"2601",2048,"Sonora",26,33217
"2602",2048,"State of Mexico",15,182914
"2603",2048,"Tabasco",27,25528
"2604",2048,"Tamaulipas",28,37721
"2605",2048,"Tlaxcala",29,14013
"2606",2048,"Veracruz",30,87560
"2607",2048,"Yucatan",31,25166
"2608",2048,"Zacatecas",32,15319
"2609",2049,"Aguascalientes",1,14690
"2610",2049,"Baja California",2,39982
"2611",2049,"Baja California Sur",3,9077
"2612",2049,"Campeche",4,10953
"2613",2049,"Chiapas",7,51663
"2614",2049,"Chihuahua",8,39048
"2615",2049,"Coahuila",5,33873
"2616",2049,"Colima",6,8804
"2617",2049,"Durango",10,18199
"2618",2049,"Guanajuato",11,58275
"2619",2049,"Guerrero",12,32009
"2620",2049,"Hidalgo",13,33329
"2621",2049,"Jalisco",14,84883
"2622",2049,"Mexico City",9,98585
"2623",2049,"Michoacan",16,44983
"2624",2049,"Morelos",17,22804
"2625",2049,"National",0,1313879
"2626",2049,"Nayarit",18,13640
"2627",2049,"Nuevo Leon",19,61526
"2628",2049,"Oaxaca",20,39353
"2629",2049,"Puebla",21,63773
"2630",2049,"Queretaro",22,25772
"2631",2049,"Quintana Roo",23,18824
"2632",2049,"San Luis Potosi",24,28488
"2633",2049,"Sinaloa",25,33296
"2634",2049,"Sonora",26,33801
"2635",2049,"State of Mexico",15,186051
"2636",2049,"Tabasco",27,25972
"2637",2049,"Tamaulipas",28,38279
"2638",2049,"Tlaxcala",29,14284
"2639",2049,"Veracruz",30,88503
"2640",2049,"Yucatan",31,25626
"2641",2049,"Zacatecas",32,15534
"2642",2050,"Aguascalientes",1,14982
"2643",2050,"Baja California",2,40819
"2644",2050,"Baja California Sur",3,9281
"2645",2050,"Campeche",4,11170
"2646",2050,"Chiapas",7,52616
"2647",2050,"Chihuahua",8,39644
"2648",2050,"Coahuila",5,34454
"2649",2050,"Colima",6,8977
"2650",2050,"Durango",10,18484
"2651",2050,"Guanajuato",11,59201
"2652",2050,"Guerrero",12,32263
"2653",2050,"Hidalgo",13,33864
"2654",2050,"Jalisco",14,86262
"2655",2050,"Mexico City",9,99332
"2656",2050,"Michoacan",16,45518
"2657",2050,"Morelos",17,23143
"2658",2050,"National",0,1333960
"2659",2050,"Nayarit",18,13891
"2660",2050,"Nuevo Leon",19,62674
"2661",2050,"Oaxaca",20,39754
"2662",2050,"Puebla",21,64765
"2663",2050,"Queretaro",22,26365
"2664",2050,"Quintana Roo",23,19305
"2665",2050,"San Luis Potosi",24,28852
"2666",2050,"Sinaloa",25,33776
"2667",2050,"Sonora",26,34373
"2668",2050,"State of Mexico",15,189151
"2669",2050,"Tabasco",27,26446
"2670",2050,"Tamaulipas",28,38829
"2671",2050,"Tlaxcala",29,14562
"2672",2050,"Veracruz",30,89401
"2673",2050,"Yucatan",31,26068
"2674",2050,"Zacatecas",32,15719
